,Tweet,Anger,Depression,Fatigue,Vigour,Tension,Confusion
0,You're welcome participation as well. No worries.,0.23464344,0.19788264,0.12926644,0.36243194,0.032083992,0.043691527
1,I live on my own.,0.047417875,0.91587824,0.0031092346,0.011949576,0.013919375,0.007725725
2,I live on my own too,0.011115397,0.97394025,0.0022223373,0.0015315312,0.009160819,0.0020296886
3,I live with my partner and my two cats.,0.2823122,0.5432895,0.018643785,0.009408253,0.057491563,0.08885466
4,"I live with my partner, and sadly no, no cat .",0.07537618,0.86252123,0.007418575,0.0013478545,0.0028945915,0.05044155
5,"Very important. Well, obviously I'm not at home all the time. All. It's my space. It's my home, and I can do anything I want. I don't have to please anyone.",0.5447206,0.4528598,0.0004285286,7.687734e-07,0.0011056426,0.0008846803
6,My children are always on the phone.,0.72018254,0.22830096,0.018586341,0.0022899457,0.007151186,0.023489019
7,"Yeah, that's my biggest fear. I don't have children. I don't want to be amongst other people. I want to stay inmy own home, but what happens if Rob is not there like it and I get poorly, I just die in the living room probably. Laughs..",0.011897418,0.9454832,0.00015944372,3.7750457e-08,0.0005349375,0.041924946
8,"I mean, you know, we're lucky we got intercoms posts in our flat. So if benefit was to happen, we could get straight on a medical. So my hope is that gives me confidence. What my daughter come down for 10 days before it's gone?",0.0123259695,0.0021689031,0.05705963,0.00030260926,0.9246771,0.0034658427
9,"She took over my telly, she took over my chair and everything else I don't like. I'm like oh, oh.",0.6137377,0.11894513,0.055509407,0.0009725244,0.03745474,0.1733805
10,"And also when you've got a lot of people around you that you're not used to having around you, you're like, Oh, I have to dress, I have to brush my hair. I have to be on my best behaviour. I have to be nice to people.",0.77170455,0.020493085,0.016205953,5.968701e-06,0.18883212,0.0027583179
11,"You take me up so hard, if you don't like it, bye bye.",0.62460154,0.17281784,0.015094189,0.002664308,0.0076585016,0.1771636
12,"But let's do it, and I work you from home like we are now, aren't we? It's just very. The only time I actually put all my work clothes is ... Now, obviously we are allowed to go out and do visits again when we were when it was totally working from home. Any time I would actually get dressed, get sort of get dressed, put in a nice top and brush my hair was when we had Zoom meetings. Otherwise, I'll be like... yeah.",0.004031423,0.98121744,4.9013983e-05,1.963331e-07,2.224085e-06,0.014699716
13,"and I keep my pyjamas on, you know it's raining what I want to get dressed for.",0.105665155,0.71059567,0.051302183,0.0021443185,0.045763683,0.084528975
14,"Because at young age after you spend all your life trying to impress people, you become so many different people's to try to fit in, and you lose your own identity, you know, so I think, well, if you don't like me, so I'm not going to like me if I'm dressed in mine. So, yeah, you know, professional person, they're not going to like me.",0.8342688,0.13688101,7.926137e-08,3.8449636e-11,2.0629313e-06,0.028848045
15,So this is no surprises.,0.15667562,0.30153567,0.008869161,0.0006501214,0.2510105,0.28125894
16,"When  you're saying about living independently. So I when my two were little, I worked in several different care homes like one was a Devon County care home and it's gone now. It's a 52 bed one. And it was their lounges on three separate floors. Much the same size as six chairs all the way around, and in the corner was like I say, a normal sized TV like we would've had years ago in our own front rooms, not as big as these  even, and people were just staring at that space or nothing in sight. And I would hate the thought that that would ever happen to me. You know, it's just it's horrendous.",0.0005753244,0.10259013,0.000867765,0.019105753,0.875047,0.0018140016
17,"I don't like the idea of not being able to eat the foods that I want to eat. So somebody is going to come and give me like school dinners, a plate of something that I don't like or don't enjoy. And that's my only choice, especially if I'm in a position where, you know, I'm not well enough to go out and buy food or cook food. So that scares me. The I'll spend the end of my life, you know, just looking at the slop on the plate",0.50829506,0.45985314,6.2737505e-05,3.2358297e-08,0.022706933,0.009082119
18,"You can't. Just existing, not doing anything.",0.49974254,0.26312593,0.11458497,0.016223794,0.025120521,0.081202246
19,"No joy! Yeah, exactly. Yeah, it takes all the joy out of life is, you know, this is all that's left to me. I don't have to worry about my weight anymore, but look what I've got to eat and that's not very inspiring.",0.47024545,0.41088748,0.004000661,0.0018867315,0.0001845779,0.1127951
20,"Exactly, I want to enjoy my food because .",0.35272518,0.58746415,0.008129627,0.0031484207,0.021105561,0.027427055
21,"Yeah, what's left to me?",0.09010594,0.14218561,0.020161074,0.0018631893,0.01684741,0.7288368
22,"Yeah, I am not able to walk or anything, but yeah, you just yeah...",0.6955294,0.17289072,0.0527205,0.0037069577,0.017713364,0.057439048
23,"I've got got a man living next door to me, he is a hundred and one, and without a support from his family, I don't know, how he would get on because he's slowing down more and more and more is falling over a lot. He sits out to eat his food and everything else. So, you know, see, without  family around. You can be a bit lost.",0.6190277,0.10905438,0.0002832803,3.7881773e-09,0.0039587743,0.26767588
24,Thanks for that sort of thing.,0.74492353,0.12826882,0.0063521746,0.0005158323,0.0068075224,0.11313208
25,"I'm sorry, but my family's no good. I'm better off without them. You know, I came out of hospital after an operation and its first time I asked my daughter to come up to look after me and I am the one who has to get up and do the dinner. So what would change? hello.",0.03508259,0.73212284,0.007775345,2.5423026e-07,0.031047767,0.19397122
26,"So Mary Poppins, I will sing it in my head. Yeah, yeah, that's right. Uh, uh,",0.15718295,0.46964258,0.03747055,0.0039278893,0.06913942,0.2626366
27,"uh, exercise. I like to walk in, but obviously I have problems with my legs now. So in ten years time, I don't know. Well, it's my sisters and my mom is the same, so",0.21832646,0.7494806,0.00044183625,4.1090905e-05,0.00044518866,0.03126483
28,"I'd agree because, as you know, I don't. Yeah, so I want to be able to keep them dancing as long as possible. But also I don't want people to just say, Oh, Hazel, this is your chronological age. So you now have to do seated exercise when you get to do this kind of exercise because they they've seen me on a piece of paper saying that, you know, you may be this age. So they've made an assumption about what I can do physically or not.",0.16388494,0.16456953,0.038795486,0.0011438951,0.0012458259,0.6303603
29,"So they have pigeonholed you. I'd say, Yeah,",0.38762248,0.45266086,0.015212723,0.0035090814,0.026333602,0.11466123
30,"and cycling,",0.33342904,0.18955757,0.1885204,0.073599994,0.10714631,0.107746676
31,"I've never been on the bike for years,.",0.05715265,0.5434934,0.21785675,0.009901305,0.087196775,0.084399156
32,"I  know, we should go bike riding.",0.51664424,0.18107954,0.15035146,0.1033176,0.03233254,0.016274637
33,"Yeah, but you've got electric bikes today, you know, I think it makes it easier.",0.24972194,0.30434242,0.10726261,0.073417135,0.088532306,0.17672357
34,"After another 10 years, I might have a scooter.",0.06338677,0.4326737,0.13684534,0.004909259,0.30845216,0.053732794
35,"Yeah, you can. Do you miss walking?",0.29860863,0.27611727,0.020644434,0.040868457,0.027388738,0.33637246
36,I used to walk everywhere.,0.18742324,0.58145154,0.16142723,0.0047929212,0.020648384,0.044256672
37,Do you miss it now that you can't do it? Well.,0.14005399,0.20666526,0.005220611,0.002194038,0.0087068165,0.6371593
38,"No, I do miss it because I've got this bulges in my spine and the the vertebraes are starting to crumble. And I might get a pinch in my nerve, and my legs just give up and fall to the floor. So I was out with my daughter last week to the Barbican to the Hooe, every five minutes or so, I sit down. And the last two bus stops, I've got a bus I wanted to go home. and I suffered for days after. I don't take painkillers because of if I ever do it and I could, my legs could collapse way with me while I go across the road or anything like that.",0.37234673,0.010793574,0.5927446,0.008607916,0.012750668,0.0027565234
39,"Yeah, this is kind of masks the real problem, doesn't it?",0.28305733,0.32168064,0.0072460948,0.0032906383,0.05300494,0.33172035
40,"Yeah, sort of..",0.56791604,0.23896126,0.045545008,0.0019457838,0.025972998,0.11965892
41,"I think washing, and that sounds a bit bizarre. But washing and looking after myself, dressing myself, you know, in the future, yeah, feels like a bit of a scary prospect. You know, you got yourself if you've had an operation, you got hit by a car, so you can actually look. And seeing how little it takes for you to not be able to wash or getting out of the bath and, you know, look, look after yourself. You don't think of it when you're well. But as soon as you can't do that..",0.104095906,0.081916,0.65821105,3.6933066e-05,0.15433665,0.0014034432
42,"My mom, she's got diabetes and she goes for dialysis three times a week. She's she's blind, so she she can't cook for herself. My sister's a carer. But she can still shower herself a shower. She can still get herself ready, but she gets so upset because she can't see, so, yeah, yeah, and yeah, so it's really hard for like, see my mom being like family, she was doing everything for me. Now, it's the other way around, but my daughter sees that, you know, like with my grand children, she says, you're wiping their bums. I'll be wiping your bum when we get old. I don't ever want you to do that. She says that to me all the time, I just doesn't say bums.",0.5982071,0.27268603,1.7775368e-05,3.186656e-08,0.00021725989,0.12887178
43,"Yeah, yeah, yeah. I can imagine. What is she looking forward to it or something?",0.042103067,0.13834283,0.034644797,0.011916739,0.3596127,0.41337988
44,"I don't know, laughs. So I don't go to do this, do that, but do that. Can you change Alison's nappy, I don't know. For God's sake, Laura, I'm just want to sit down for two minutes and say this. Don't worry, I'll be doing yours when you get old. I'll be wiping.",0.0887745,0.8640077,0.017416721,4.0954168e-05,0.02268209,0.007078008
45,"Oh, bless you.",0.21846111,0.6392225,0.040247243,0.010839819,0.0364854,0.05474392
46,"Yeah, my mom is all like that sometimes, she'd say  I wish I weren't here and she's eighty six this year.",0.23094049,0.68279326,0.0059942147,0.0040235273,0.03336635,0.042882152
47,"When you get to that age, you have to rely on the people you trust, people that are going to look after you. You don't think they're going to abuse you, because in 10 years time I could have Alzheimer's, you know, so you're thinking differently. Yeah, try to trust I mean to trust,  trust people that are coming to look after you, are going to look after you well.",0.013011994,0.74130005,0.004866035,0.019588703,0.08034838,0.14088486
48,"And I don't think there's a problem with ... Rayan was just saying you can't do things, but you don't realise you can't do things until you fall off the ladder trying to change the light bulb. Yeah, yeah. You have an accident because you haven't realised that maybe physically you can't do what you always been able to do.",0.8337989,0.07081905,0.0005117857,0.00010410118,0.091018654,0.0037475354
49,"So it's kind of a gradual thing, isn't it? Like with your eyesight and your hearing. I mean, my mom's 88 now, and she's always had really good hearing, but I know lately that she'll say, yeah, or she'll think she's answered what I've said, but I know she's not heard me. And yeah, and you think it's because it's not overnight thing unless you have a serious illness",0.45912638,0.5108305,0.00031723917,6.2787897e-10,0.017716784,0.012009057
50,"and it's like those things she's always repeating herself. I'll say, yes, mom, you told me the other day, and you know,",0.4634625,0.22276908,0.0077881915,0.0048535494,0.0039075534,0.29721913
51,I look after my grandchildren all the time because my daughter works. So and now it's a six weeks holidays.,0.084722996,0.46426916,0.38500386,0.004799861,0.011762639,0.049441487
52,"You're a busy, girl.",0.39574707,0.48540226,0.04799556,0.0034086225,0.014469821,0.052976683
53,"Yeah, but I've always been a giver. I'm not a taker, so. Me too. Anything you can do to help someone, I will.",0.13645405,0.69165826,0.018900508,0.0075836615,0.032021903,0.11338165
54,"it's like my next door neighbours through lockdown. The wife has got really serious cancer and treatments doctor in lockdown. And so I did their shopping. I mean, I only ordinarily do shopping once a month, but they like best weekly because it does. So I was coming into Plymouth every week to do the shopping because I had to be in Lidl's, so I held my breath go into Lidl's.",0.0042308583,1.7600965e-05,0.9956661,2.1113938e-06,1.2500847e-05,7.08582e-05
55,"Phew! I'm home. So it was really stressful. I don't want to get this disease. Yeah. So that was, you know, it was just nice to be able to do things for them. But then he's a builder. And so he reciprocated by building us a porch, when I gone shopping and you said, Well, you're not going to be there, so I'll go and do your front porch. So I came back and it was almost finished that way. Wow!",0.29600042,0.7019234,7.59356e-05,6.1437895e-05,1.6124346e-06,0.001937251
56,"So, yeah, yeah, I think, yeah, that scares me having people look after me and not the other way around.",0.23311836,0.31791505,0.009332055,0.0012760633,0.13045055,0.30790794
57,"Yes, definitely.",0.3319061,0.23775746,0.3440013,0.0020660015,0.021391194,0.06287797
58,I don't want to be looked after.,0.10095897,0.47089854,0.24841744,0.0018185339,0.09293204,0.08497448
59,I'm too independent for that.,0.27528095,0.51899195,0.022031264,0.0041191373,0.04132777,0.13824897
60,And they wouldn't it do it right anyway.,0.8099134,0.13540757,0.0097010145,0.0010176095,0.011577687,0.032382727
61,Of course not.,0.77861875,0.18111777,0.0031045212,0.000684467,0.021157887,0.015316589
62,Cooking for start. You see it is a theme here.,0.12814762,0.46651918,0.002628373,0.004194764,0.24850903,0.15000103
63,"Cooking, cleaning. just do everything that you normally do. That person does, you know,",0.2494852,0.21573897,0.44066018,0.014814822,0.015117481,0.06418337
64,"and you have to be grateful as well. Yeah, which I don't want to be.",0.42124024,0.47387788,0.020673081,0.021699404,0.024489608,0.03801977
65,I'm going to be really miserable. Oh yeah.,0.081912324,0.8430678,0.039466318,0.00021088264,0.019166598,0.016176075
66,But to be beholden to anybody.,0.1184802,0.74392503,0.003498941,0.0038293062,0.0054895086,0.124777034
67,"Because you have to be grateful that somebody is coming and doing it and they have their way of doing it. But you have your way of doing things and it's like, I don't want it, I want it done how I want it, but I'm just going to have to accept. And again, that just adds, and I think I'll probably end up quite low and depressed thinking, Yeah, I didn't have the control of anything.",0.00083729427,0.9922224,2.5333208e-07,5.181645e-07,0.0056289695,0.0013105475
68,"Yeah, you have to compromise all the time, isn't it? Yeah, yeah.",0.78964466,0.15556917,0.003580987,0.00061498315,0.0022843904,0.048305813
69,you're quite easygoing.,0.6175384,0.29577416,0.010659681,0.0013231257,0.021516355,0.053188317
70,"Yeah, I still look after my children, even though my eldest is thirty nine next month and my youngest is 31, I still look after them, you know? Mm yeah, it'll be hard. Like I said, Lara said, she's going to be looking after me. That's my eldest. So be hard for me not being able to look after her because I still do.",0.0023152027,0.5642097,2.9226917e-06,0.00034582106,0.42778838,0.0053379796
71,What if she moves away? What if she immigrated to Canada?,0.030995252,0.5843268,0.0002633477,0.00019597981,0.05469268,0.32952592
72,She should take me with her,0.036261797,0.9055564,0.0012098013,0.0010294707,0.007599943,0.048342578
73,"What if you were in a position where your children weren't the people caring for you, like strangers?",0.012181136,0.7369107,0.0026649458,0.017500168,0.03157281,0.19917025
74,"Yeah, because I've got four children and my girls are here. My boys have moved away. So, yeah,",0.2726394,0.6325179,0.038734928,0.00070430594,0.006070932,0.04933254
75,Because not everybody has their family.,0.526813,0.44650295,0.0011818666,0.00069499563,0.0030541017,0.021753088
76,"Yeah, yeah, I know that.",0.45690227,0.4672149,0.030382007,0.0019760025,0.011584375,0.031940434
77,And not everybody has a family whose wants to or able to look after them. yeah. Hmm.,0.26592988,0.55894095,0.029112674,0.0026424592,0.02087215,0.122501865
78,"It's about trusting a stranger, isn't it?",0.009892378,0.39786732,0.0034039768,0.010536971,0.40911543,0.16918392
79,"??? trust anyone because I've got a life of people all my life and just trust in it takes a long time. I can be with a group of people in the community room, but I don't have to be friends with them, I don't have to associate, I can come straight back into my room.",0.39356032,0.5907882,9.599599e-06,7.241176e-08,0.004502991,0.011138827
80,"Yeah, that's your sanctuary, isn't it? It's your safe place. Yeah. And yeah, and it's invading your personal space.",0.84234434,0.1074329,0.00083718944,0.00084443827,0.0010085806,0.047532555
81,Shopping.,0.11410042,0.37134042,0.43823585,0.0026380767,0.026959395,0.04672581
82,"Oh, blimey, no!",0.27751163,0.4456083,0.040406883,0.010710332,0.039627455,0.18613543
83,I would go shopping for everyone.,0.2575306,0.64022964,0.07398499,0.0017003415,0.011641909,0.014912483
84,"See mine is still at the top, like gardening and doing exercise. Yeah, that's really, that's my life.",0.06210266,0.20728603,0.6940945,0.009881154,0.0108127985,0.01582287
85,"Yeah, mine is dancing because that's all I do outside of work. But equally, I would find it really difficult if I had any visual impairment as I got older because I think there's so much that I do that would be totally different.",0.019704634,0.9036663,0.002064377,4.4095766e-05,0.024934946,0.04958565
86,"and I don't know. Obviously, I would learn I would adapt, but I would find that really difficult journey to sight loss. Hearing loss, maybe I could deal with a little bit better, but I would find sight loss a really big issue to deal with.",0.24615832,0.39376783,0.087400585,0.0024785222,0.097192876,0.17300184
87,"Yeah, ditto because I'm aware, you know, I get dry eyes now all the time and that drives me mad. Yeah. It's not something that they can fix.",0.95572156,0.027147336,0.01396888,3.7575742e-06,0.0019849834,0.0011734668
88,"Yeah, my mom's got that muscular degeneration. So she's not completely blind. It's just a false. And she gets really upset because obviously the past six and a half years I became, I became a granny with my eldest do seven in October, and there is one on the way and every time I go home, I'll take pictures of them. And she gets really upset because she can't see them",0.07352204,0.77105975,0.07627153,0.013016741,0.008418501,0.057711467
89,"But it takes so much away, doesn't it? You can't read, you can't do puzzles, you can't watch films, you can't look at photographs with your loved ones.",0.06578131,0.91195446,3.7122438e-06,0.00032558767,0.0038888983,0.018046007
90,"Yeah, yeah. My mom used to read every night before she went to bed. She has those tapes now. Audio tapes? Yeah. She used to love bingo.  Yeah, she used to be at the bingo five times a week. And she can't. She can't now so ...",0.0004622391,5.942548e-06,0.0046944194,0.9822591,0.012564536,1.3764612e-05
91,"Yeah, yeah. I think I like taking photos as well. And so that be hard, you know, you can have the autofocus, but it's nice sometimes to just do it again and due to what you will and I do take photos now without my glasses, but I know it's getting harder. Yeah. And I don't want to have contact lenses to make it easier because I just can't stand the thought of putting something in my eyes. And so even at that, that would be awful if I, you know, so I love walking on the moors to the live on the moors and taking photos to babysit. To have those two things taken away from me.",0.06368809,0.9323255,5.9851594e-05,3.7134532e-07,0.001084145,0.0028420277
92,"That's a combination of loss, I've lost one thing but it is accurate loss of  ... I like watching people what I like to sit in a coffee shop and watch people and what's going on around me. Because it's sometimes makes me feel less isolated just seeing life around me. But again, if I couldn't do that, yeah,",0.00058954343,0.9947304,2.1162443e-06,1.74519e-06,5.8596477e-05,0.004617595
93,"I know my two. When they were little, we used to make up lives of people doing that. We'd sit and eat. Shall we make up thier lives? What do you think of that? She is a spy? Yeah, well, yeah, right.We give them a really, really interesting lives, they might have them but yeah, so?",0.048731077,0.070274614,0.0002559599,8.3413015e-06,0.0008509824,0.879879
94,"To yourself, I hope.",0.16426565,0.52153456,0.014806554,0.010591318,0.07124655,0.2175554
95,I've got these calls all the time .,0.36943743,0.17151459,0.1283926,0.006266364,0.2135688,0.11082023
96,"Oh, that was 2010. Go away.",0.74483305,0.19218017,0.025516067,0.00033854492,0.015829934,0.021302238
97,"yeah, that's one of my hobbies is walking, even though that I can't do. I used to go walking every day.",0.10110121,0.5306466,0.34547952,0.0042921263,0.0067070615,0.011773437
98,"So out of that list walked on the kind of the general. We think of the top three, the.",0.07665505,0.38763717,0.08190653,0.0036947872,0.057708405,0.39239806
99,"Oh, Yeah. Exercise, yeah. Yeah. So exercise self-care.",0.068952024,0.069538966,0.82129264,0.026210353,0.009682703,0.0043233247
100,"Watching TV, I love  to sit down and watch TV. Yes, TV, I like all the soaps.",0.043581713,0.8224568,0.016743703,0.0050217453,0.02002167,0.092174366
101,Yeah. Depending on your cooking skills. Laughs...,0.1928438,0.68793666,0.013829342,0.012822683,0.022235665,0.070331864
102,Probably taking care of myself,0.044598743,0.0943385,0.8264412,0.0046134875,0.019901313,0.010106714
103,"we've got self care. Yeah. Yes, socialising, because it would be awful to be in a totally isolated, wouldn't it?",0.27273202,0.461902,0.05625508,0.017695608,0.05258122,0.13883409
104,"See, I like being on my own Sometimes.",0.009589943,0.9871994,0.0005225886,0.0005349437,0.0005453146,0.001607793
105,"Yeah. I go to my church every Sunday, and if it weren't for getting a lift there, I like socialising with them, it's a smaller group and it's more like a family. It's not a great big church and it's nice once a week or we go out for a meal, you know, so there is a certain amount of socialising.",0.025325706,0.70939595,0.0013291353,0.010123613,0.00042150074,0.25340408
106,"Yeah. Just maybe just meeting other people in general in what however, you like to do it. If you know if it's going to the cinema with friends, go for a meal with people",0.91908675,0.07222806,0.0014898004,1.7095611e-07,1.1783037e-05,0.007183434
107,in this is like socialisation?,0.06797584,0.44649577,0.010193387,0.012201539,0.123002574,0.34013087
108,Even going to work is in a way.,0.092810206,0.44285634,0.38144505,0.0044319388,0.05056524,0.027891243
109,"I don't mind being on my own but if I was on my own all the time, I wouldn't like it, because obviously I'm busy with my grandchildren and sometimes I just like to be at home on my own doing nothing. But if I didn't have that, I probably wouldn't like it.",0.008877857,0.11698265,0.8655388,0.0011845103,0.002261524,0.005154669
110,"I mean, obviously during this time, I've talked to a lot of people who do live alone, and maybe the one Zoom call that I do with them a week is the only contact they have.",1.6316275e-05,0.99942267,9.133506e-06,4.7690217e-05,4.2034324e-05,0.00046217523
111,"Oh, that's frightening.",0.0878987,0.32603687,0.0391729,0.023953952,0.1719659,0.3509717
112,"Yeah. And I think, yeah, when I start thinking about it, it reminds me actually how terrifying that must be, you know, not having any contact andnot being able to speak to anyone. And I think we've all seen it, haven't we? The, you know, an older person at the checkout in a supermarket and just chatting to the cashier. And especially if you're in a rush to get back to work or something or go somewhere, you like the for goodness sake, you know, just move along. But in the back of your mind, you know, that may be the only current contact that person must have. So I think that we can be quite flippant about socialising because we get it. Yeah, yeah. But I can't begin to imagine how how debilitating it is if if literally you get up and there's no one and you go to bed and you've spoken to no one in, that happens day.",0.7516308,0.16520351,0.00029448277,0.00011831262,0.00030067435,0.08245225
113,"Also, you may not have the physical ability to get out and meet new people or the confidence to just turn up to something and can't join this club or something that must super frightening.",0.5907325,0.0008950854,0.14660156,0.00072021794,0.008178135,0.2528725
114,"Where I live in community homes. We do take care of each other and the staff family. And if they're not, there is always somebody there if you need. You know, I'm helping people. Yeah, I'm helping people and people will help me. Yeah, it's needed. So you don't see each other for a couple of days before. Oh, and go and look at shopping. So I'm lucky that I'm there.",0.047322746,0.9436331,4.258141e-05,4.595335e-07,4.7580684e-06,0.008996372
115,"Yeah, absolutely. I mean, I've lived in my house since 1988, and I still don't know the neighbours.",0.48308682,0.33399513,0.025999004,0.00027707985,0.0058548856,0.15078707
116,"Yeah, well, I know them, but we don't talk to each other. Yeah, yeah. I mean, nobody talks to each other at all.",0.5775229,0.30236483,0.001779806,0.0017603561,0.003993862,0.112578265
117,"Yeah, it's like I live on the Barbican and some of the some of the neighbours are lovely. Others don't even bother with you. You know, I'm always like this: "" Hello, good morning"" but I'm like that.",0.1606898,0.0010964238,6.373847e-06,9.4913855e-07,3.1082334e-05,0.83817536
118,"They are looking at you like you're strange. Yeah, yeah.",0.20012064,0.17008545,0.019627346,0.0016079793,0.01420928,0.5943493
119,"I mean, I think it's the world we're living in now.",0.20210984,0.5350459,0.032550074,0.051124625,0.015418237,0.16375129
120,"Yeah, yeah. But like I say, I know a lot of people where I live so, you know, I'm never on my own. and there is always someone there.",0.15158845,0.8420051,0.0002582471,0.0013430337,0.0027804826,0.002024699
121,"But now what if I say do, too, and that is the only contact I know we get it a lot. And I know you like your teams, but you were phoning people on their own when, you know, through lockdown. Yeah, and you said the same team.",0.00034209806,0.9977712,1.01461744e-07,6.6384027e-09,3.7583355e-05,0.001849033
122,Yes. Yes.,0.4172164,0.3902854,0.058020487,0.0296494,0.03454703,0.07028129
123,"Um, and we would get leaseholders as well, like I did. We we don't find them like you would for tenants. But you know, when we're speaking with our like more elderly leaseholders, you can't get them off the phone. And it's just they just want to talk and talk. And oh, we really, really something. Don't be sorry. That's fine with us. Somebody else will pick up the phone to somebody else is. You know, it's just ...",0.0028557044,0.9953339,4.9287115e-07,0.00011759549,4.767427e-09,0.0016922684
124,"And I think sometimes it's not your problems. You don't necessarily want to talk to other people about your problems. But it's when something funny or something really positive has happened to you. You want to share with someone and then it's like, Oh, oh, I can't tell anyone and I've got nobody to tell my good news to, you know, that must be really difficult.",0.64025784,0.31512985,1.9657904e-05,2.4194602e-09,0.0040398347,0.040552847
125,"And again, I suppose, you know, it's all about being going, losing your eyesight, maybe losing your hearing. Then when you don't have that communication, you know, that must be quite isolating as well.",0.03966043,0.9309587,2.4644527e-05,5.258868e-05,6.3963525e-05,0.029239697
126,"You know, it is still used as a punishment.So that just goes to show that, doesn't it? That's how you punish human beings and actually isolate them. Yeah, yeah.",0.0012216261,0.99745643,1.7663406e-06,1.6192569e-06,2.7326134e-05,0.0012912052
127,Yes. And that's an understatement.,0.34501317,0.19080295,0.32941455,0.010520386,0.025750218,0.09849872
128,"I'm an ex smoker and I, you know. But I smoked until just after the pop started to stop you, and I used to be outside every five minutes up in smoke if I. So I do understand when you want a cigarette? Yeah.",0.23321573,0.7608383,0.0006943567,4.8803446e-09,0.0001681334,0.0050834753
129,Did they say that all the most important meetings go on in the smoking area?,0.16016483,0.12571865,0.048999943,0.018939652,0.03770959,0.60846734
130,All the big decisions are made.,0.013785572,0.026097076,0.0023504016,0.00017297115,0.60370713,0.35388684
131,"Yeah, I guess you can just pretend, you know, one of those candy ones we used to have when we were little.",0.097518936,0.748219,0.04034705,0.0047523375,0.024511382,0.08465129
132,Oh the worst one is opening a tin,0.2635598,0.34682447,0.09540416,0.0139125725,0.18589643,0.094402574
133,O Jar Jar. Oh yeah.,0.11753582,0.5296252,0.07459654,0.00954224,0.16726953,0.101430684
134,"I think everyone knows what kind of problem. I know, I know. Sometimes, you can get it open easily and other times, it's just won't. Yeah. Yeah. Bang it!",0.5341285,0.19063072,0.0009015721,0.0018235095,0.20654598,0.06596974
135,"You can get a gadget, though.",0.28728437,0.28047717,0.01388413,0.0068152864,0.03087034,0.3806687
136,"My mom's got one to make it easier, but it's knowing that you can get that gadget , that's the thing.",0.12941428,0.59264106,0.0119803,0.003918063,0.04474494,0.2173014
137,"So I have very high ceilings in my house they are nine foot tall, so to actually change a light bulb needs a ladder. I also have one light bulb that hangs over the stairwell, which you have to get on top of a ladder. Somebody has to hold your legs and you have to lean over, Oh God, the drop to change the bulb. Oh no. And every time I have to do it, I am so terrified. And that's now. So if that light goes in the future.",0.04842321,0.85434234,0.0002615943,0.00020870521,0.0838592,0.01290497
138,It's going to say dark. Laughs,0.03975311,0.56187916,0.04680931,0.005238338,0.29639715,0.04992295
139,but it's the hallway light that lights the whole stairs. So then I would have no light in the stairs.,0.040665604,0.08604468,0.80676275,0.00270441,0.03353126,0.030291263
140,"Well, I I guess if I had the money to have somebody come and, you know, do the job. But yeah, that would need somebody quite... Because it will need scaffolding. Yes. Yeah. Yeah, because it's three floors high and the the one lights on three floors high and literally dangling over and you can see the floor and you're like ....",0.5667469,0.1749499,0.00010129818,3.3222725e-06,0.016531391,0.24166721
141,Get them on the wall.,0.42449278,0.120154746,0.112424165,0.08519289,0.2288814,0.02885403
142,"Yeah, but I was saying it's going to be quite an expensive job.",0.38626105,0.23256111,0.067583546,0.018845113,0.103826195,0.19092299
143,"I think any maintenance issue, isn't it? When you getting older that you can't do it yourself. You know, even like, you know, cleaning the windows outside, I can do it now, but you know, in the future,.",0.07384238,0.020806618,0.012898491,0.84112376,0.03254608,0.018782662
144,"And it's that balance, isn't it? between because I think one of the things that worries me about getting older and having a pension is not having enough money because I don't have resources. So if you can't do things for yourself or you have to have adaptations, you have to be able to pay for them. So if I'm on a small pension and I can't afford to pay to have things done in the house repairs or adaptations.",0.11250462,0.85285443,6.624399e-05,1.9834155e-07,0.0006811636,0.03389334
145,"But I think there are places you can go and they'll come out and do it for you. But you own your own home. So I don't have it works that way. Yeah, but I know people like my sister. She couldn't get in the bath, no more so they came out to put  the shower in, and she's got like a toilet. Yeah. So because she can't, she's on one of those walkers now.",0.12180171,0.8676278,2.7133001e-05,7.089591e-06,0.008285423,0.0022508146
146,"Yeah, maybe.",0.35259134,0.23891313,0.026993912,0.009321163,0.035290737,0.3368897
147,"That's what I meant, social services.",0.5716888,0.24593258,0.017203074,0.003840055,0.00679243,0.1545431
148,All depends how much money you 've got.,0.1275098,0.73290807,0.008397073,0.005423088,0.055161882,0.0706001
149,"And how serious your condition is becauseI might feel that my situation is serious, but somebody assessing me in a very formalised way.",0.003912703,0.99540335,2.0460873e-05,7.517263e-06,0.00041442,0.00024157373
150,"Social services may say, Oh, we don't think that you're needy enough.",0.5552486,0.242948,0.0140050445,0.0007375014,0.00944606,0.17761476
151,"Yeah, yeah, I'm going to get a stool to sit on so that I can do peeling vegetables or cooking or anything like that. If I make the bed, I have to stop because of the pain in my back, so that  can take me hours, even put a hoover around. I have to stop, sit down place my back so that can take ages. So actually, I might need a cleaner.",0.2195834,0.5825513,0.1889733,0.00028604176,0.0033530334,0.0052529136
152,"Yeah, and that's going to cost you. You know, and you have the resources. Yeah. And then again, that's somebody coming in your home that you might not want.",0.027888315,0.96068263,0.007692507,0.0001084506,0.0013673136,0.0022607865
153,"Yeah, yeah.",0.417088,0.30142623,0.14814939,0.003623236,0.026781384,0.10293176
154,"Yeah, yeah. And there is the pride as well, isn't it?",0.6505367,0.14166021,0.0040708263,0.002353559,0.010166846,0.19121185
155,"Because my mom was the same. She didn't know she she had a pension, and that was it until she stopped going blind and social service came out, filled all these forms for her. She's getting fortune now.",0.11192099,0.68617874,0.0002188991,2.4057074e-06,0.19756424,0.004114746
156,"Yeah, but that is depending on somebody letting social services know.",0.1947683,0.5682464,0.0093543,0.0049546883,0.123550095,0.09912619
157,"And my mom doesn't think that she should be entitled to it now. Well, if you're not entitled to take it off you.",0.9787753,0.014098114,0.00079225283,2.4949592e-05,0.0012649833,0.0050443755
158,"Yeah, yeah.",0.41708747,0.30142644,0.14814948,0.003623238,0.02678135,0.10293203
159,"I think also my house is designed for me at my health and my height and my capabilities. If any of those change, you know, I won't be able to reach the cupboards. I won't be able to get down, you know, if I were in a wheelchair or was having to use sticks to get around things that are simple now. Yeah, you know, would suddenly just be impossible to manage.",0.6357024,0.07436257,0.21209253,0.00014863438,0.016073156,0.061620757
160,"So I mean, we've only got like a two story and not really high ceilings, but they're coming down the stairs. We've not got banisters because don't need banisters at the moment. And one of I actually. And we've got like one door the front door. To go out of that to get up to the main road to the path  we've about 12 steps. So again, like if I, you know, if my abilities gone. How would I get up those steps. Because you know my next door neighbour, he's got the cancer, her husband, she's got a mobility scooter now. And he took away the steps and put in a ramp. But it's like, Wow, it's a bit steep. I would say, mice, imagine, you know, going down it and disappearing down in the garden. wow..laughs",0.06022992,0.22525936,0.16423906,0.39261323,0.0016497514,0.15600866
161,"So it's that, you know, all of that you think, Oh, so you like you can do all of these things now quite easily, but in years to come? Yeah, I saw those in it adapting your home to suit. Yeah.",0.112241656,0.85809153,0.0028741863,1.7297493e-06,0.0005423155,0.02624856
162,"And shopping. You know, obviously, we go shopping. We take the car. If I wanted to get the bus, I would then have to maybe shop small every day because I'd have to walk back from the bus stop, which is close to the house. I wouldn't be able to carry much. And if I got a trolley, I wouldn't be able to lift the trolley onto the bus to get, you know, so I'd constantly be having to think about what do we need? What can I carry? How far do I have to carry aids? What shops can I still use?",0.28568903,0.017255167,0.0006422693,0.00042848306,0.00049927144,0.6954858
163,"And if you're using a walking stick, you've got less.",0.6290207,0.25034222,0.012494653,0.0029828015,0.0075995233,0.09756013
164,"Yeah, yeah. And if you live remotely, sort of away from the city even harder because. You know, if you can't drive anymore. They're not necessarily bus services to where you want to go, when you want to go there. I said that makes it even harder as well. I mean, we've got like one little village shop we sell basic things, but they are expensive. Yeah, exactly. So, you know, like half a dozen eggs is just over two pounds woo. So again, if you want, you know, just a state pension, you know you going to be compromising your health because you you're doing without things. Because, yeah, because of that, you know? Yeah, I save the boiler break down. Heat is more important to you may be than have been a loaf of bread or some milk. I don't know. You know, you've prioritising what you do and don't need, isn't it?",0.78169006,0.21079189,9.4741845e-05,0.00011218388,0.0006314265,0.0066796867
165,"Yeah, yeah. Yeah, they were struggling during the pandemic, weren't they?",0.44313085,0.38529775,0.02795299,0.0018555566,0.005552617,0.13621023
166,"For me, I like to go shopping myself, I hope not never happens to me because I love shopping.",0.11265323,0.7284119,0.081886105,0.001402809,0.03299807,0.0426479
167,"I like I like to my own food. Yes, because my my menu for the however long I've done my shopping is based on what I buy. Yeah. And if so, I'll be getting the bargains. Yes. Yes, special offers. And then that takes what you're making for the rest of the month.",0.78141654,0.08367819,0.13285328,0.00027090398,0.00059263036,0.0011884825
168,"Lots of shops have shut down, like Debenhams, I'm gutted because I love that shop.",0.069381356,0.8155036,0.05100486,0.0008713641,0.007505688,0.05573312
169,"With  home delivery you've got to rely on the products being good, especially fresh products.",0.5233328,0.19929828,0.061197076,0.0118564,0.14697617,0.057339303
170,"When you are in the supermarket, you see them going around with these big trollies and they just go on like they're picking it off the shelves.",0.48667964,0.20380016,8.090101e-05,1.8734918e-05,0.078692995,0.23072758
171,"Yeah, I'm checking the day of expiry.",0.08036587,0.26325083,0.22855186,0.018895095,0.38243636,0.02649998
172,"I'm too fussy. I'm one of these people that if there's a row of them, it's like not the first one.",0.4463587,0.24664447,0.006879441,0.00079615565,0.023639388,0.27568185
173,"And yeah, yeah, yeah, somebody's gonna take the first one. I have to get one from around the back. You know, I might go and shop and think I'm going to make beef stew today, and then I go in the shop and something else is more reasonable, or catches my eyes. So yeah,",0.021328844,0.014019769,0.9646165,4.1279955e-07,1.5758977e-07,3.435456e-05
174,"yeah, it's exactly what I do.",0.4760124,0.26905835,0.022406556,0.021094225,0.018356333,0.19307214
175,"Yeah, yeah, it's what it's sort of",0.3237138,0.30844805,0.05909897,0.009182976,0.037036236,0.26251996
176,"clearance. I like to look at bargains. Yeah, yeah. Well, I buy some good stuff.",0.2785536,0.22824474,0.4226561,0.007247621,0.04464068,0.018657265
177,"You can put it in the freezer, can't you?",0.6396188,0.26944408,0.0039920304,0.0028779688,0.0072985687,0.07676856
178,"Yeah, I have had deliveries before, and what I found difficult is the guy comes to the door and dumps it down on the floor. And then you know that he's on a really short timescale. You know, he's got to turn around in so many seconds and and he's kind of like, you know, get your and get your shopping and you're like, Oh, really stressed that I'm going to kind of like yank everything out of this thing, and I wouldn't like somebody to come into the house and be just chucking stuff. Yeah, and then rushing off. So yeah, I don't know.",0.2452038,0.6931944,0.005261252,1.6856858e-06,0.020377826,0.03596106
179,"Yeah, we've given you this instead. Did I ask for that? No. Why are you giving me that?  How is that helpful?",0.18846546,0.02577825,0.00062866794,0.00051785755,0.001020898,0.7835889
180,"Also, I think food shopping is quite personal, isn't it? Yeah.",0.15061921,0.36451328,0.09181914,0.0010703473,0.009371279,0.38260674
181,And it's another way of socialising. You get to see people.,0.55724007,0.3778329,0.015984718,0.007805247,0.017096387,0.024040706
182,"Yeah, but the thing is, if you live on your own, you've got to spend a certain amount for it to be delivered.",0.29103136,0.6118133,0.029411377,0.012234417,0.021401742,0.034107774
183,Yeah. So get five over twenty five or whatever.,0.8335563,0.10094967,0.011979925,0.0069999145,0.012218562,0.03429566
184,"Yeah, well, yes, that's right. I was born out of food and you're not going to necessarily be using that. Yeah. Have you ever looked in somebody else's shopping basket or trolley and been quite judgemental umm? Laughs",0.14696991,0.6971151,0.0068393224,9.531895e-05,0.006453529,0.1425268
185,Yeah.,0.31475717,0.4047367,0.081647985,0.0077855387,0.029910328,0.16116227
186,"And sometimes if I've got something in my shop, I always feel guilty. If I'm buying a bottle of wine, you know, my local co-op, I was like,",0.00012140365,0.999739,1.8173949e-05,9.823423e-07,9.309264e-05,2.7371456e-05
187,Does anybody know?,0.026427124,0.59078956,0.0027235644,0.0015353939,0.021235157,0.35728917
188,Yeah. And then I think I want to hold it up and go low alcohol. Laughs,0.18241838,0.37052503,0.016970465,0.0018443476,0.07030307,0.3579387
189,"Okay, maybe. It's eight o'clock in the morning and I need it...Laughs",0.108752154,0.36526605,0.22245736,0.0008856652,0.076033406,0.22660536
190,"I think everybody would have internet, wouldn't they? I keep saying that in our village when the like the parish council say well they can find on the web pages, maybe they don't use internet. Yeah, yeah.",0.783892,0.006789087,4.3244694e-05,0.108141854,0.0001277613,0.10100609
191,"Yeah, I mean, like, are we talking about when we are going to be that age where I know how to do the internet, but I'm not great at it. I get by. But like, like my mother, she's in her 80s. She's blind. She does know nothing. We bought a mobile phone. She couldn't use it!",0.020343041,0.9762877,1.7322307e-06,7.96823e-06,0.0010006274,0.002358897
192,It's worth some help as well. Yeah. Asking somebody.,0.11314469,0.7328697,0.017650986,0.009125321,0.02668971,0.1005196
193,"So that's about socialisation, isn't it?",0.106972255,0.3204151,0.002466899,0.0018713706,0.06624593,0.50202847
194,"Yes, for the knowledge somebody that's using whatever. It's like a social service or something like that. Yeah. Yeah. So something would know, if they're using their facilities..",0.48510337,0.48523152,5.147402e-05,0.0021307743,0.010633328,0.016849522
195,It's like a community group .,0.13821194,0.5384725,0.021442857,0.05279716,0.10104715,0.1480284
196,"So, you're looking for the physical things, you know?",0.25941586,0.2859475,0.0057722395,0.0027161073,0.009658592,0.4364897
197,"So for me, I don't know about other people, but for me, one of the big problems is the actual physicality of the house that I live in. Keeping it in good repair and suitable for me.",0.1876489,0.30109775,2.0131374e-06,8.615951e-05,2.4864916e-05,0.5111403
198,"Yeah, maintenance.",0.56321603,0.1632405,0.115118094,0.011828982,0.06363867,0.082957745
199,"So I don't know how to describe that. But yeah, and maintenance and adaptations for the property that I'm actually living in.",0.029563874,0.085494116,0.017427504,0.003390612,0.021276277,0.84284765
200,"Yes, do you need help getting in and out of the bath and up the stairs?",0.32605532,0.12829651,0.35903046,0.010716104,0.026993722,0.1489079
201,"It could be, couldn't it?",0.14722732,0.52749175,0.051939026,0.011030082,0.18222535,0.08008649
202,Did we say much about transport as well?,0.04991157,0.054241415,0.06925419,0.015690701,0.022739658,0.78816247
203,"We did mention it. Yeah, sort of loss the car, so you got loss of independence. If you ...",0.06649184,0.5883656,0.00250146,0.0013999357,0.005973717,0.33526745
204,"Yeah, mm.",0.36188808,0.3199565,0.07042253,0.009977642,0.061204344,0.1765509
205,I think knowledge.,0.07499205,0.26480508,0.03420467,0.0020003906,0.07976104,0.5442368
206,"I don't think that's a physical one, isn't it?",0.07450428,0.22691154,0.028187897,0.003729163,0.03629352,0.6303736
207,All right.,0.30505642,0.30429748,0.04359968,0.007958119,0.091004655,0.24808364
208,"I think that's more like a social informational one, I think we are thinking about, you know, kind of bricks and mortar type of .., you know, the physical environment around us",0.04422606,0.017779702,0.6160208,7.36744e-05,0.27694142,0.04495835
209,"Being able to do your own shopping, if you couldn't do your own shopping. That's a big one for me.",0.25054872,0.688989,0.042116147,0.00034275567,0.0056789764,0.012324432
210,That you're physically being able to go and do it yourself.,0.77601016,0.149353,0.038846675,0.004333707,0.021527816,0.009928662
211,"Yeah, so it's a physical capability.",0.21758576,0.2992823,0.07902553,0.031010773,0.028402641,0.344693
212,"And maybe it's something more like run regular newsletters, regular updates, community centres which are very physical in the sense of, if those if those people like us actually community workers, age concern. Yeah, yeah, you know, housing provider,.",0.35660526,0.60928863,0.015843583,0.00024522713,0.012731284,0.005286014
213,They would know a lot of...,0.28209776,0.54105276,0.034768954,0.0043689273,0.04072904,0.09698257
214,The kind of the physical environment if those agencies like.,0.16411915,0.46039242,0.041016914,0.006953667,0.07160351,0.25591436
215,"It's like the GP surgeries, they know the demographics to be able to...",0.06719892,0.5609919,0.0076951226,0.002376388,0.13037576,0.23136194
216,"And if that makes your life easier by knowing it, that you know that you could get sort of grab handles to get the door, you know, if you were struggling with your front door would, you know it's just yeah.",0.71192825,0.21771389,0.028154273,8.4596664e-08,0.039126307,0.0030771787
217,I think information is important because there's a lady that moved into the wrong house and she realised that the heating was in with the bill.,0.19813377,0.4876459,0.00016366859,1.8035113e-06,0.002797016,0.31125784
218,Oh bless her!,0.09255866,0.56833965,0.05378641,0.04287817,0.1931566,0.049280513
219,"So she was freezing cold all through the winter. She had to go to hospital for hypothermia. You know, she was really in a bad way because she didn't get information",0.084196106,0.8597623,0.0015798939,0.00056463334,3.48003e-05,0.05386223
220,and she was frightened to put it on?,0.04779592,0.46418998,0.012983639,0.01378752,0.05812419,0.40311876
221,"Yeah, because it was extra money, she didn't realise. So that's why I'm talking about, information ...I told her go and ask in the end.",0.026912335,0.9723245,8.209544e-05,3.90371e-05,0.00020920826,0.0004328323
222,"But we all obviously ...yeah, we didn't do a good job by explaining that that to her. Obviously, and again, I guess..",0.23348601,0.3791855,0.007073566,0.0021524779,0.010105568,0.36799687
223,"It's also the maintenance of the House isn't it? yeah, because keeping it warm.",0.7111379,0.15468737,0.0063216626,0.0016313689,0.0121880425,0.114033654
224,So helpful gadgets. I love a gadget.,0.06405913,0.7218442,0.008653402,0.0036925233,0.028786775,0.17296395
225,"Did you meet my sister when she came down? Um yeah. She she got loads of stuff because obviously from the hospital, all the doctors, you know, she got a social worker to come to see her, and that's how she found out. She got lots of stuff.",0.0020253197,0.9978724,1.347547e-06,9.8186105e-11,7.807138e-05,2.2861475e-05
226,"Yeah, so gadgets, adaptations for actually physically help you stay in the same environment",0.40506777,0.32789093,0.012743598,0.0666001,0.025945049,0.16175252
227,"and help keep your independence, doesn't it? Yeah.",0.723354,0.10961089,0.009430913,0.0011823438,0.019738326,0.13668357
228,"And having a handrail for up, yeah, versus moving home. Yeah, such a quick win.",0.108998254,0.29441798,0.46317434,0.01717257,0.071143165,0.0450937
229,"I've got all that in my flat already. Because the person who lived there before me was in a wheelchair, so ...",0.4463058,0.43835184,0.010856837,0.0016634769,0.049116,0.05370602
230,"Cats, yes. Love cats.",0.20456219,0.60560954,0.032672722,0.012353384,0.03420495,0.110597245
231,"They're dangerous when you get older, trip over. My one sent me down the stairs because you know when you go down stairs I don't go straight I go like this. I tried to avoid him, top to bottom, boom. Oh, so that's why my back is...",0.021513734,0.9770753,1.5931264e-05,2.9414209e-09,0.00014374407,0.0012513171
232,Did you get rid of your cat after that?,0.2645468,0.10234284,0.006598383,0.004121349,0.003659666,0.61873096
233,"No, no. Laughs",0.100069426,0.6761134,0.033688523,0.0017302205,0.027482191,0.16091618
234,See because you love your cat.,0.15946482,0.7017436,0.0021104089,0.0008522498,0.006973784,0.12885511
235,"and they that they are the best company. Yeah, yeah.",0.5185986,0.4189451,0.007924436,0.0023716718,0.007862993,0.044297192
236,"And I found after my cat died that I felt that I had nothing to care for and no routine in my life left because it was like I would get all she would be where is my breakfast. Hmm. So I had that routine of. And it kind of took me out of me because I had to do something for something else. You know, I had to always be thinking of something something else. You know, and there was a company routine. That sense of",0.15053572,0.2517503,0.000140307,6.3342565e-10,0.51761585,0.07995783
237,"Yes, yes, exactly. So I found it really hard when she died because I just felt like the house felt like a house not a home and I felt like something was really missing. And I really struggled to to find a routine or something to do that wasn't just about me. Yeah.",0.018426837,0.88531655,0.0009066988,5.4245675e-07,0.059838735,0.035510667
238,November.,0.13294223,0.51999325,0.050181225,0.017932538,0.10666348,0.1722873
239,"I want to. But Rob is not ready yet. He says, ..",0.033453505,0.38439754,0.0065872977,0.0010144213,0.21755837,0.35698888
240,Yeah. We will get you a little kitten.,0.8680792,0.11105999,0.0030205734,0.0029405733,0.0061248946,0.008774812
241,and that's what I want to get a kitten.,0.34368974,0.52477944,0.007539842,0.0044376636,0.031328708,0.088224575
242,"Yeah. Well, I'm not one allowed the pets, so yeah, but I wouldn't have another pet.",0.6210771,0.22502849,0.07569768,0.0030221492,0.015657792,0.05951674
243,And I think that's really difficult..,0.43599245,0.12182972,0.030643923,0.00044420653,0.013457076,0.39763263
244,Because it's tying as well.,0.4422599,0.38383114,0.010566521,0.0028484028,0.037438784,0.12305523
245,"You can go on birthday now, you can go away. You haven't got to worry about somebody looking after that more.",0.5107773,0.37404922,0.0025828488,0.062115543,0.0116971955,0.038777903
246,That's the problem I had when I moved to the Barbican.,0.28207397,0.44628987,0.054827906,0.0013562831,0.032561008,0.18289098
247,"Well, yeah. But yeah, they are too tying, I mean, because my mother's not well and it's hard. To get up there when you have to, but I've got good neighbours who look look after her.",0.00091244205,0.99760807,1.4988106e-05,1.9202336e-07,5.83898e-05,0.0014059078
248,"Yeah, but I think again, pets may become more important when you can't go long distances you when maybe you're not travelling. So much and you know you're on your own for longer periods of time.",0.0054544294,0.9784707,0.00023070577,2.823258e-06,1.5248597e-05,0.015826082
249,"I'm just waiting when Kirsty gets home, she's getting a dog, so I'll dog sit my grand-dog. Yeah, Liam's got born. But obviously he's up in Manchester.",0.00856719,0.00090524805,0.002142633,7.3722867e-06,0.98536503,0.0030125105
250,"Another one is stairs lift, because a lot of people live in two story house or whatever, so stair lift would be a physical adaptation. Would it be in the mobility, stairs lift? because it is mobile, to take you upstairs and bring you down.",0.08427452,0.24317111,0.010153168,0.0012577121,0.013344865,0.6477986
251,"But I'm thinking that pets are very important to people. Certainly would be, it would get more and more important.",0.21990949,0.47980362,0.027265208,0.004701955,0.09404116,0.17427856
252,"Yeah. And dogs, dogs and cats, they sense when you're unhappy, so",0.23688197,0.6022549,0.02037713,0.012395734,0.0068561714,0.12123407
253,"And a cat says I don't care. Yeah, you're unhappy, oh yeah, whatever.",0.7410787,0.17113692,0.0006348016,0.040716007,0.001197403,0.045236193
254,Dogs are more reliant on the owners and cats are more dependent on us.,0.15831134,0.524612,0.0006970321,0.002333849,0.009025915,0.30501986
255,"And I suppose if you have something like a dog, as long as you don't have a massive great big dog, then that feeds into the exercise, you've got a rason to go out to push yourself to exercise.",0.00730709,0.98454976,3.5790283e-05,0.0012784185,0.00066715525,0.0061617834
256,"Yeah, that's right. Spaces, parks. Yeah, yeah. Lots of well-being, isn't it?",0.18724127,0.4276527,0.10315673,0.091276914,0.046055418,0.14461696
257,"Yeah. Well, I live on the Barbican, so I've got everything there, green space, the sea, rubbish, too, Yeah, seagulls. Laughs",0.2759088,0.432095,0.05237969,0.004999466,0.037215095,0.19740196
258,"The other thing is, I find supermarkets don't cater of single people. So you have to buy big, don't you? I don't need to buy big tins, I want small tins. So tomatoes and things like that. So it's not necessarily catered for single people.",0.99065626,0.0037150104,6.670569e-06,2.6613455e-07,2.5944695e-07,0.005621553
259,"Yeah, you can. You can buy small tins, but sometimes it's cheaper to buy a big tin, though.",0.3109016,0.34697673,0.009634034,0.0015669876,0.008818321,0.3221023
260,"But if you go to somewhere, like if you go on holiday and you, you go to a restaurant and it's just you. Yeah, it's a very uncomfortable experience to sit in a coffee shop by yourself. Yeah. To sit in a restaurant. Oh yes. But I think it would be much know. I know some restaurants tried this. This is a table where somebody might come and say, I can't remember the expression, but somebody might come and sit and chat. And so I'm.",0.19819033,0.3947587,6.339302e-05,4.204952e-06,0.0061645173,0.40081885
261,"Yeah, it was a scheme and there was a notice on the table and it said something like this is a community coffee table and somebody might just come. And if you sit here, be prepared. Somebody else might come and sit here with you to chat. And I think there needs to be more of that kind of thing because if you don't get to see anybody, and you think well, I'll go out for a cup of coffee. You then feel like a good drinking go or I've got to pretend that I'm reading something because I'm",0.021361908,0.21896611,1.0975496e-06,1.3959492e-08,1.8286544e-05,0.75965255
262,"The times I had to go and get something to eat, it's like.... so it would be nice just to",0.22336401,0.508179,0.059058204,0.0011454311,0.09559654,0.112656794
263,"Especially again, if it's difficult to cook at home for yourself, you don't feel like it to be able to go to places where you didn't. You didn't have this feeling that everybody was going, Oh no, no. Oh dear, on our own.",0.117906645,0.8759509,7.5645956e-05,3.1947475e-05,7.051099e-05,0.005964369
264,"Also, I think as you get older, it's harder to make friends. Yes. Yeah, because your old friends, you know, might moved away or they passed away. Yeah, and all that sort of things. So, yeah, well, to make new friends, it's quite hard.",0.043383665,0.91155136,0.00340302,7.321719e-07,0.0018482466,0.03981299
265,"You know, I left my home, my family, my friends, over 30 years ago and when me and my ex-husband split up and moved to Plymouth and. Because my daughter was here, obviously, my eldest daughter was here already. And, um, yeah, I find it really, really hard. I was in my forties when I moved into Plymouth, and I did find it really, really hard considering I had a lot of friends in the army environment. It was just like a big family. And so I left home, moved to that. All my friends are in Sutherland, my best friends, the people I grew up with, family also.",0.097466215,0.7975703,2.3569899e-07,1.9437412e-05,0.00066723966,0.1042766
266,"I think also if you lose a partner, with a divorce or they die, then you often lose half of your friends with that, you know, because.",0.02542329,0.97429234,5.879562e-06,7.871867e-06,4.6765334e-05,0.00022384276
267,You lose half of the family.,0.5301988,0.41579843,0.0036008758,0.0007580148,0.0046338663,0.045009986
268,"Yeah. You know, you might as a couple. Yeah, their family. Yeah, you have their friends as well. Yeah. And that person isn't there for whatever reason. You suddenly just what? It might include things like grandchildren and things.",0.3203583,0.6012954,4.4314544e-05,3.0082561e-05,0.0007662758,0.07750563
269,"Yeah, yeah. My, you know, his for his family were very supportive of me. We were really, really close. But now, like the kids have got their own kids. So basically all I see is, well, I've got friends. Hazel's my friend. Yeah. Not that you've seen much of each other. I haven't. I've got my family. But sometimes it's just nice to.",0.0065344856,0.9639089,3.898581e-06,2.7527165e-06,0.01841742,0.01113255
270,"Yeah, because of the care home system as well.",0.6132797,0.31632224,0.017154265,0.0038563597,0.011677527,0.0377099
271,"Yeah, I do see my family there. They would be there for me to drop of the heart if I needed them, but I need them to meet me. Yeah.",0.119491294,0.56172967,0.00992427,0.001079134,0.18545443,0.12232122
272,"So, I don't have any family left living. So, it's me, that's the end. But I think there's a lot of prejudice about older people. You know, there's a lot of assumptions about older people about, you know, for example, if I'm putting on an activity and somebody saying I'll put some music on and they say we can find some war songs and I'm like, How old do you think these people are?",0.004874708,0.0126004545,0.850341,0.047410153,0.0029424098,0.08183128
273,"Oh, you know, yeah. Laughs. They were probably in the teens listening to this stuff in the sixties. Yeah, yeah. There's this idea that once you hit 50, you know you want to talk about the war. You want to, you knind of...",0.00025834457,0.9937651,5.247467e-05,4.876966e-09,0.0057934523,0.00013058024
274,mention Elvis Presley. You say ...Laughs,0.19805326,0.56546223,0.026161399,0.0071630636,0.048742797,0.15441726
275,"you know,and because you've hit a certain age certainly, physically you've deteriorated, mentally  you've deteriorated, and",0.16788746,0.6341084,0.08787337,0.005251321,0.010578643,0.0943008
276,"all my children were brought up listening to Disco. I love Disco, but my grandchildren, then probably one they'll grow up, I don't probably think..., it's horrible music. I mean, some of the music my children like, I like, you know,.",0.47948867,0.5037488,0.00010609926,2.996192e-08,0.0012573557,0.015399077
277,"But you're not allowed to. Do you know what I mean? In the sense? Yeah, because you're older. Yeah, yeah. You're not allowed to like that music or you're not allowed to like these clothes, you know, why are you shopping in that shop buying those clothes? You should be down at Marks and Spencers? buying something suitable for your age.",0.55511993,0.10155578,5.1749594e-06,3.2227883e-05,6.247901e-05,0.3432244
278,"Yeah, I think when I was young, the eldest was the boss and all that changed in that quite annoys me. Yeah, yeah, that is right. Yes.",0.7020025,0.28887048,0.0016833042,0.00013364753,0.0019693563,0.0053406605
279,"That is interesting that you say that, you know, because as you get older, you find that the people who are telling you what to do at work, are actually quite a lot younger than you. And you're like, ummm! Laughs",0.1989404,0.00888181,0.00028098488,0.5923401,0.0072620893,0.19229461
280,"Oh, yeah, you know, I even now I respect my mother, you know, if she says, you do this, you do it. Yeah. But now it's like. So it's just I mean, I know I'm only 61 year old, but it is like losing control. Yeah, yeah, yeah. The kids rule the roost, not the adults.",0.9396035,0.042271815,0.002420066,8.9936584e-05,0.0011931998,0.014421473
281,"I know, I know ..Laughs.",0.1442334,0.7749413,0.03061584,0.005421061,0.011741193,0.033047155
282,"The other thing I find is I'm not good on technology. I'm not there at all. I don't just let it go. Yeah. And you're trying to ask your daughter, Tell me, why do you do it yourself? Try it yourself. Yeah. You know, that's it.",0.14919998,0.8415032,0.00047952958,2.1521623e-07,0.005995032,0.002822066
283,"That's that's another thing. It's a barrier. Yeah. I think to older people, it's a technology thing. I think it's sleeping us the airlines. Yeah. You know, banking is going to be online. All this sort of stuff now going to be everything. Yeah. And also the other thing you know, you can get done on the phone at a certain age, you know..",0.020453893,0.9779765,4.637046e-05,5.245604e-09,0.00036261007,0.0011606222
284,"Rotten phone calls, you know, trying to get money out",0.41169384,0.3728791,0.019347377,0.011507214,0.05656864,0.12800385
285,"Oh, scammers?",0.46237943,0.3149493,0.008996944,0.009223186,0.07453058,0.12992056
286,"Yes, scammers, that sort of things. So you don't understand that. I think that's enough environmental problem.",0.56154007,0.31689426,0.019097723,0.0022628543,0.004768547,0.09543654
287,"Because nobody properly talks to each other anymore, do they? That's always on the phone. Yeah. You know, so you can say nasty things to people that you don't see their feelings? Hmm. Face to face. So you could get all that as well. So that could terrify an old person, you know?",0.9244508,0.0748747,0.00011997511,4.2705682e-07,1.1621352e-05,0.00054244086
288,"Yeah, I get the other thing, because I'm quite OK with technology. Yeah, I was in a coffee shop one day, it seems to spend an awful lot on coffee shops, and the app wasn't working. And I said to the go at the counter, Oh, I can't get my points. The app isn't working and she said you have to have the app and I'm like, I've got the app. Do you know how it works? My love and I'm like what? Why do you talk ...Of course it's just not working. And it was because she saw that I was older. My hair was grey. She immediately assumed, that I didn't know how to use the app. No, it's just not working. It's not that I don't know how to use it.",0.11185309,0.17233367,0.0012842108,2.9775336e-05,0.013724572,0.70077467
289,"Yeah, to me Hazel, you look really young, you know,.",0.37249038,0.5265536,0.03183581,0.0065912656,0.015360562,0.04716843
290,"Oh, thank you.",0.647935,0.13665111,0.048239995,0.0014640193,0.026997134,0.13871281
291,"But I've said that to you in the past,.",0.06421765,0.30593872,0.0035520662,0.0009573157,0.024340078,0.60099417
292,And maybe I was having a bad day. Laughs.,0.28500032,0.3541505,0.075517565,0.00050230225,0.008745545,0.27608377
293,"Yes, she was, exactly. Really condescending. She was raising her voice. She was speaking very clearly ...",0.28582817,0.30487594,0.01347731,0.0021756815,0.031639665,0.36200324
294,"I think I found it quite upsetting because it reminded me that I am to other people what I see is not what other people see. And there was this assumption that I might end up missing out on things or being treated in a different way because people have made a judgement about me. Just, you know, we've decided that you're an old person and you're not capable. So we're not going to even offer you this opportunity to do something.",0.1537478,0.84279346,1.5161226e-06,7.7158925e-11,8.1901155e-05,0.0033753153
295,"When I get on the bus with a younger person, gets up, sit down, Idon't want to sit down and stand up here. Laugh.",0.3040412,0.28360143,0.25565138,0.020508762,0.080136314,0.056060914
296,"I still get up for an eldery person to give them my seat. But you see these people come and just sat there and an old lady over old man gets on and the won't move. Yeah, and there is me getting up.",0.03671192,0.93354756,0.00075223006,0.00011235887,0.004827787,0.024048153
297,"But it's in the media, isn't it? If somebody either in the negative, they get attacked in the street or, you know, somebody does something. They run a marathon. If it's somebody under the age of 50, they just run a marathon and they just got mugged. Once you pass 50s, they deal, you know, 73 got mugged. Or, you know, amazing man. 81 run a marathon. It's like this whole thing in our culture.",0.76959395,0.00804689,0.00047187533,0.0016629254,3.582926e-05,0.22018851
298,"Yeah, I've been mugged. It's not nice.",0.49650785,0.21855691,0.056367964,0.0039035918,0.02419427,0.2004694
299,"No I know I can imagine that, you know, people have this perception without really thinking about what people are like at certain age.",0.061316162,0.929592,0.00028341665,0.0006877616,0.0063429247,0.0017777326
300,That could not give confidence.,0.034377117,0.17301907,0.01954174,0.01670273,0.6815825,0.07477681
301,"Exactly. And and then that makes you start thinking, do I need to be, you know, in a more supported environment? Am I safe? Do I want to go out? yeah.",3.344606e-05,0.9974596,1.704383e-09,2.5312802e-11,2.240742e-06,0.002504696
302,"Yeah, very frightening!",0.06853971,0.33160472,0.11582186,0.051606737,0.24027976,0.1921472
303,"Plymouth community homes are brilliant. Yes, they are. You know, you can't fault them, even though sometimes some certain people put them down. Mentioning no names Hazel, you probably know who I am talking about. But yeah, they are really good.",0.0015092014,0.0049631367,0.06080404,0.001134678,1.241621e-05,0.93157655
304,"The person, the person who wants to know without asking? Because if you don't ask, you're not going to learn. Yeah, yeah. But if they don't know the people, they're not going to help you. Yeah. So it's down to the person or the family. Yeah.",0.28051305,0.7053086,0.000459036,4.2902101e-07,0.012994205,0.00072464993
305,"Yeah, I think because you get to when you first move in you get a booklet, all the dos, the don'ts, the waht's on. Yeah, I think that's really helpful. Yeah, but I reckon this lady didn't know she should have been told that because when I moved in then told me, well, when I went to look at the property then told me everything that I have to pay. Yeah. And what the payment was for. Yeah. So I can't understand why that lady wasn't told.",0.08026065,0.021775875,0.82734394,2.6946423e-06,0.0010748227,0.06954202
306,Yeah. So why would she sit in the cold?,0.1453436,0.047434445,0.0007788694,0.00010721763,0.0003804793,0.8059554
307,"yeah, yeah, because you're new to the place you're frightened. I suppose you'd get worried to ask other people, you don't know them. Yeah. And everything else. Yeah. You know,.",0.29910806,0.6918926,0.000947586,5.401553e-07,0.0012853476,0.006765821
308,Why would she sit in the cold?,0.10729725,0.11036947,0.0017396422,0.00032234454,0.0012189241,0.7790524
309,"I thought had her cover over, but still not enough, because she had not wanted to come out with us either?",0.24440314,0.5376872,0.0026726795,0.00042614722,0.044040184,0.17077066
310,"Yeah. You know, so her blood blood was low, but I don't know why.",0.06777944,0.16180551,0.005405443,0.0007417108,0.02719154,0.73707634
311,People would they put the heating on. I can't understand why she wouldn't put the heating on.,0.1299203,0.07515024,0.00025666473,1.0314166e-05,0.00031003228,0.7943524
312,"No, because she thought she had to pay extra on top of it.",0.5309756,0.38731143,0.027127117,0.002465884,0.012107563,0.040012445
313,"Oh, I see.",0.22835879,0.5551048,0.008364879,0.006806736,0.0121879,0.18917692
314,"She wasn't told the heating was included. She wasn't told, so she thought she had to pay extra on top to keep the place warm.",0.20334545,0.32965517,0.00343948,0.0020638127,0.014252306,0.44724378
315,"And also maybe some more things where people are encouraged to mix through ages. Yeah, because, you know, some intergenerational stuff where we're and I don't mean that patronising thing where very young people come with a basket of food...",0.02865528,0.96945983,2.8510516e-07,5.5797006e-10,0.00029737529,0.0015872006
316,"I love mixing with the elderly, even though I'm",0.08069921,0.20095679,0.30832538,0.11416927,0.04428569,0.25156364
317,"yeah, but I think we should do things like lunch clubs that have a whole, you know, anybody is welcome to come, because I think once you start saying this is for you because you're a certain age and you go to this and you don't go to the that again just reinforces a lot of this kind of .",0.3019898,0.30489314,4.06132e-06,1.0325387e-09,1.0390049e-05,0.39310265
318,Yeah. Absolutely.,0.58987087,0.2177705,0.11868782,0.003899466,0.028899895,0.040871456
319,"I think we are lucky ourselves for the generation we're in now, because 60, 20 years ago, would be the old age, wouldn't it? You know, we're talking about sixty looking after older people. Yeah, it seems weird, you know? Yeah, I'm scrapping at 60, all those years back. So we're lucky because we've got the infrastructure, the free national health and all sort of things which they wouldn't have, you know, so we are lucky that way, and that's why I think we're living longer. So there is more for us, yeah, than it was in the past. You know, there were care homes in those days",0.2409508,0.6485601,0.076010965,0.00015768134,0.014477716,0.019842757
320,"But th thing in the past, everything was, it's like, you know, this plastic pollution? Yeah. You know, you never got anything in plastic bags when I was young. Everything was in paper bags.",0.32393974,0.66604036,2.0720083e-05,3.6228212e-09,1.6362104e-05,0.009982795
321,"Yeah, I used to get grease proof paper to wrap your ham and then put it in a brown paper bag. Yeah. So now, more stuff I know, they're trying to stop that, but that was in my generation.",0.5592444,0.19261336,0.12458376,0.026250094,0.0052276608,0.092080705
322,"And that is definitely a physical barrier. Yeah, yeah. Plastic packaging on some fruits these days. When you're trying to pull it off, and it just won't go .",0.033835363,0.9635899,9.010479e-07,1.4046746e-09,3.5061774e-05,0.0025387753
323,"Especially with the arthritis in your hands, right?",0.26190662,0.3329517,0.043350376,0.008919805,0.11233,0.2405415
324,"Yeah. Yeah, that's pretty funny. Put it back in paper bags please.",0.3190173,0.35546008,0.27262023,0.0019808817,0.012311106,0.038610425
325,"I wouldn't, I couldn't live without a telly.",0.10916349,0.7514165,0.020927092,0.0056452495,0.02848895,0.084358715
326,"So when you say TV, do you mean like the regular channels or do you mean like things like Netflix, prime?",0.019145695,0.019854752,0.00073608843,0.00010247424,0.0022300307,0.957931
327,"It's a it's a noise. Yeah. Well, even if you're not really taking in, it's the noise in the background. I was talking,",0.6788337,0.23105186,0.0070812665,0.0021868562,0.020970197,0.059876103
328,"Yeah, my tell is on all the time. Yeah, watching it. That's just going on news just in the background.",0.1755678,0.6491423,0.024643492,0.004255535,0.091819465,0.05457136
329,"Oh, that's so funny.",0.22351654,0.6484959,0.009222673,0.0014451819,0.021739703,0.09558002
330,We've got staff. We've got staff. We can get in contact with.,0.24793069,0.64739686,0.0030124066,0.008487379,0.06707328,0.026099375
331,"My children, Yeah, because obviously I haven't got that.",0.65972424,0.29735306,0.0053268936,0.00028086273,0.0044057006,0.03290926
332,"I've got only one child in Plymouth, my other two are in London.",0.17210674,0.7402378,0.0119021665,0.0050405404,0.029729705,0.04098308
333,"Yeah, I've got two daughters, so my daughters and I think when I get old, I'll have my granddaughters as well. So if my daughters can't do it my granddaughters will do it all of this,.",0.008411768,0.83593637,9.623894e-06,0.00016043235,0.14660895,0.008872854
334,"So, if Rob wasn't there, I'd have no one at all.",0.032715306,0.87417257,0.00093187194,0.0003016915,0.010171854,0.08170669
335,You got me here.,0.21701427,0.2631122,0.0099575445,0.00096830947,0.02425192,0.4846958
336,"Yeah, I'll ring you up. I would say, Come Christine and help me.",0.1923995,0.6454593,0.007320509,0.0010524129,0.014002602,0.13976566
337,"Yeah, as I said, where we are. Everybody keeps an eye out for everyone else so that simply not what we'd knock on the door. You know, so.",0.0013642726,0.99851304,2.2780232e-05,5.2169486e-07,6.6897087e-06,9.266689e-05
338,"You know, some people don't want to make friends. Don't want to get on with the neighbours. Hmm. So but, where I live, all my friends, all in the 70s, most of them are",0.15272549,0.7675694,0.00039232575,0.0001394602,0.0008774001,0.07829589
339,Yeah. So you can really rely on the younger generation to look after us when we get older. Yeah. Yeah.,0.12368025,0.8528982,0.0042965217,0.001888517,0.0012707836,0.015965737
340,I know my children will be there for me. Yeah.,0.2336825,0.58561057,0.04361201,0.0019944184,0.08946214,0.045638353
341,"So have the people enjoyed doing the Zoom and message calls, you know, the video calls?",0.14939776,0.17439872,0.0036399704,0.0033056133,0.0564268,0.6128311
342,Yeah. I did.,0.19500116,0.5391456,0.09194124,0.0054398393,0.021856168,0.146616
343,"Yes. Yeah, I do. Yeah, in a group like this, it's lovely.",0.47395813,0.37601098,0.066127025,0.008841683,0.02226172,0.052800458
344,Is that because you prefer face to face generally or because you find the technology aggravating?,0.29943696,0.03306025,0.00039191928,8.646087e-05,0.0024575284,0.6645669
345,"No, I I find it rude sometimes.",0.77310044,0.13300908,0.0037471713,0.0013640723,0.003361532,0.08541774
346,"I just got a little while. My tablet like that, this little screen.",0.2557566,0.32133806,0.015431023,0.0027671051,0.04162238,0.36308485
347,"Because I found I actually really loved the first lockdown because there was so much online that I would never, ever have been able to access before. It was just like Aladdin's cave for me. Just being able to to go online and people were teaching things, giving away, you know, content with so much going on that you could get involved.",0.00036922263,0.999614,9.611304e-09,8.638664e-10,1.2086306e-05,4.6554305e-06
348,"No, no, you wouldn't.",0.3139223,0.5241015,0.005884746,0.0011098123,0.008518404,0.14646325
349,"I did dance classes with people in Australia. Last week, I did a ballet class at the Royal Ballet School. You know, I never, ever. I take weekly lessons with a lady in London, and I'm just about to start taking weekly lessons with the guy in Washington.",0.55672824,0.13796164,0.0007705614,0.012316455,0.2120169,0.080206215
350,"Ballet classes in Washington, D.C.",0.16028182,0.4567328,0.1966794,0.0088689625,0.10790954,0.06952747
351,"Yes, I have got a bar. Yeah, yeah, I've got a bar. But no, I don't have a mirror. I don't want a mirror.",0.41571802,0.3846131,0.086535096,0.0033871073,0.046888053,0.06285862
352,"But we also we've got a social group with a group of dancers in Germany where they have the floods. Oh yeah, a couple of weeks ago in Koblenz. And so, you know, we were able to kind of check that those ladies were OK and give them a bit of support and encouraging them.",0.09341371,0.78671944,0.058025405,0.040457994,0.020587167,0.00079628336
353,"Yeah. But when you get when you get older as well, your eyesight is not so good you could have cataracts or whatever. This order is going to be not good. So we need to hear people. Don't you to talk?",0.25573736,9.743997e-05,0.0017107406,0.3111329,0.30868867,0.122632876
354,"But hopefully, medicine is advancing as much technologically wise as as everything else. Hopefully, by the time we have cataracts, it will be this afternoon having cataracts done and off you pop.",0.0046190955,0.911429,0.0001838912,2.5522754e-06,0.08353312,0.00023234454
355,Hopefully.,0.06552474,0.24217063,0.09809506,0.0029939893,0.5481895,0.04302606
356,I will ever hopefully.,0.072279096,0.609325,0.10338308,0.0019820237,0.19047001,0.02256078
357,"Well, I hope I won't get what my mum's got, macular degeneration. She'll never be able to see again. No, she can see. But she had a cataracts off. That was really the won't take them off until they're deep. Yeah.",0.24312603,0.7327592,0.00076649856,0.0022776562,0.0007670719,0.02030355
358,"So I'm hoping to be like Steve Austin, the six Million Dollar Man. I'll just have them replaced.",0.17515713,0.5413909,0.018538808,0.00021477007,0.19417067,0.07052773
359,"She had a cataract off, and she can see close. Everything was black before she got this cataract  gone, off a few weeks ago, and she can see colours now. So I think she's it's still like fuzzy.",0.042610675,0.39328408,0.08920272,0.00043878003,0.029485084,0.44497868
360,"That is a little bit of a worry. You know, will the National Health Service still be here? Yeah. Well, we're older, you know? You know, that's a that's a scary thing because I've I've only known the health service, you know, and I've, I've, you know, benefited.",2.1739647e-06,0.9999872,1.167668e-08,1.3042865e-11,6.905539e-06,3.7157142e-06
361,"My my sister's a carer, but she's up in Sunderland up in the Northeast. And obviously, I live here now, so I don't take her. But I speak to her most of the time and I speak to her every day. If I'm home but if I'm at my daughters, which is a lot. I spend half of my time at my daughter. But yeah, yeah, no, I'm not a carer. Yeah, it's like being a mother again.",0.34293014,0.5008001,0.13498905,0.0023922464,0.013494908,0.0053936127
362,"Yeah. You mentioned something earlier about dementia. Yeah. And saying that, you know, if you've got dementia again, all of this is going to go is going to go is going to go, you've lost. Yeah. That's what all of your social connections, because unfortunately, you know, mentally, you're not able to ...",0.0071457787,0.9494729,0.009395027,0.0027120144,0.002497167,0.028777117
363,"your memory is not that good either. So you could have to rely on somebody that's just said to be able to go online for banking and everything else. And if we can't go online, then we're in trouble, you know?",0.41718936,0.4968545,1.0533993e-05,2.1587889e-08,0.0004472637,0.08549829
364,"Yes, family.",0.48900378,0.36701402,0.048220705,0.008754685,0.024652742,0.062354043
365,"Yeah, well, I've got my church family. So they would be called family.",0.6943486,0.20360246,0.0104352515,0.0013806327,0.023512615,0.066720456
366,"Yes, firends, family. so I guess family in the widest sense. Yes.",0.1719496,0.18464254,0.005657718,0.0019170201,0.06850467,0.56732845
367,"Yes, because you can choose your friends. Yes, yes. Friends can become family.",0.6842119,0.27724025,0.0027088278,0.0040720827,0.0021396696,0.02962728
368,People you are most close to,0.25294846,0.698595,0.0028289172,0.0024139527,0.015327089,0.027886586
369,"Yeah, I do. Laughs watching too much..",0.060259797,0.85408473,0.03089167,0.0024577263,0.03220145,0.020104622
370,"Yeah, I find it fabulous. There is  these quizzes and all that sort of things, and it keeps working on. Yeah. And everything else. I think that's the physical aspect of it.",0.23911078,0.4913572,0.0057386337,0.019643344,0.0050771125,0.23907292
371,"But like you said earlier, I think there's that sense of if you're in the house with no sound of any description or you feel lonely. Yeah, even if you've got the television on the radio or something, on the background, you don't notice the silence. You don't noticeit by yourself.",0.007855121,0.99044293,1.6662863e-08,5.0994e-10,2.6508038e-05,0.0016754083
372,"And I keep talking about my mother, for she likes to how, even though she can't see it, she likes to have the quizzes on. Yeah, you know, she watches the chase. Yeah. And what's the one before that, Tipping point? Yeah. And then so she can answer the questions yes, it keeps up the mind active. Even though she can't see it, she can hear it.",0.26002246,0.50210917,0.23324184,2.6167021e-05,0.0013343197,0.0032660216
373,"So we didn't really talk much about that kind of mental stimulation, did we? That is really important.",0.17884822,0.31995478,0.08411613,0.0026793994,0.06523204,0.34916943
374,"Yeah, because that could be depressing. When you can't get up and do things for yourself, like you used to",0.07657225,0.85624343,0.028809886,0.0008679032,0.0051072636,0.03239924
375,depression.,0.087389566,0.5531477,0.13256945,0.0052191573,0.042982437,0.17869172
376,If the people at church found out where I am.,0.22095951,0.5149274,0.003825831,0.0052058445,0.013580445,0.24150094
377,Facilitator.,0.034973525,0.3978832,0.026713494,0.015480708,0.50006497,0.024884094
378,"I think the other one, I think as you get older, you lose your confidence.",0.1321375,0.37298563,0.002300847,0.00090742134,0.032589067,0.45907953
