,Tweet,Anger,Disgust,Fear,Joy,Sadness,Surprise,Trust,Anticipation
0,"Well, this. Well, you don't want any meal kit now.",0.040080056,0.008374933,0.03179476,0.04207364,0.074145146,0.37792563,0.39929733,0.026308527
1,"You want your independence. Yeah, yeah. So it's been kind of a bit of freedom as well. You know, you've worked all your life lived all your life independently and then to get somebody else to be telling you what you should be doing. Yeah. You know, while you can still do it yourself, you understand?",0.010265393,0.00052597217,0.043098427,0.1125248,0.00045005776,0.026786797,0.8043193,0.0020292448
2,Having your kids do it on the phone.,0.07375052,0.006157208,0.012141321,0.6911085,0.030934708,0.036448132,0.14516163,0.004297944
3,"Oh yeah. I don't want to be sat in a chair then, and old people just want when it's time.",0.29894668,0.014565031,0.13687572,0.10502726,0.018852048,0.047006745,0.3650538,0.013672725
4,"I think if you live in a home and you really become institutionalised, you know, I I mean, I know many people that have moved to the home and they were they were finaly independent in their own home, but they've completely changed when they go into their homes. That's one reason why I want to stay in my own home.",0.06767373,0.0010592686,0.08628186,0.089680865,0.059086584,0.006965648,0.68830484,0.00094722136
5,"And, you know, people could stay longer independently in their own home, but still might need a bit of support, like a bit of a care package, somebody coming in, maybe just to check on them, not necessarily to do something for them, but just to check their all right. And they've taken the medication, you know, and that helps them stay longer. They don't actually want somebody in there.",0.21259809,0.100079834,0.07051943,0.010969477,0.1502832,0.13313204,0.31724977,0.0051681525
6,"But that's that can be quite spooky as well, because I've worked with people with dementia and they put in place different needs to keep them safe at home, like. They they made a recording of their daughter's voice, prompting them to take their medication. Yeah, and it's like that. Well, that can be spooky. If you've got dementia you suddenly got your daughter talking at 10 o'clock at night. Yeah. You she then spent the next few hours looking for her.",0.19831519,0.047523934,0.046427447,0.08260438,0.097817354,0.31348908,0.1911535,0.022669114
7,"No. You know, there was like sensor pads in the bed. But if you set it for eight o'clock in the morning and if you weren't at that bed by 8:30, you get a prompt for what we would like laying but  you know. That type of thing, we have physically seen where voice is coming from. I think here is as an adverse effect on a lot of people.",0.039087895,0.00048075148,0.27302927,0.45213667,0.0006407248,0.00035454173,0.23258446,0.001685672
8,"I've found too. My aunt's got dementia and I was talking to her on the phone when she was still answering the phone and she'd be going on about these people cooking all these lovely meals and then drinking my wine, she said. I've paid for it. They never offered me any and I never get the meal. I was really surprised about this because she got a carer and I wasn't too sure of. And then it tweaked I said: have you got and it was John and Lisa on cooking on a Saturday morning on the television, and she said the television was was real. It took me a while to dig in because she is...",0.014465632,0.007016197,0.10349342,0.65915096,0.018714081,0.054120995,0.14167567,0.001363054
9,"Did you say, Jill, that she had dementia?",0.05115169,0.037652005,0.15793838,0.08589963,0.10227206,0.11320555,0.44481492,0.007065772
10,"Yes, she said she got diagnosed",0.0028591275,0.0030073475,0.0071819057,0.08598413,0.021488726,0.7213158,0.15149033,0.0066726143
11,"with Alzheimer's dementia, it's very very difficult. You have to worry about a robot.",0.0053897565,0.00020838222,0.057326738,0.011707971,0.0015115261,0.0023365496,0.91886586,0.0026532144
12,"we deviate until she's got a brain. So much, much harder. Yes. Yes. So this is not what we are.",0.0041317767,0.0011675343,0.04723808,0.20636132,0.05177864,0.18082513,0.49711812,0.011379407
13,Walking. Going outside and walking everyday you have to do.,0.007051505,0.00026375923,0.019047718,0.8335963,0.013672743,0.020037377,0.100347914,0.005982672
14,"Yeah, yeah, we do. When you took it, you did. Four of us here do Taichi, dancing.",0.0011390875,9.337003e-05,0.010193192,0.8419479,0.009559171,0.041326113,0.080859534,0.014881602
15,"I thought we'd been on hold. Yeah. Yeah. If we're walking for health today,",0.0202312,0.00090467546,0.010696875,0.31530246,0.058356497,0.31764656,0.19147511,0.08538665
16,an we do DJ dancing. Don't forget our DJ dancing. Sorry because the racing is starting these days?,0.0016322392,0.00036266862,0.012731128,0.85987175,0.004793483,0.03280765,0.06069404,0.027107023
17,"I think it's going out into the Fresh air. I say that. But if I just let you use it fresh off, they need you to just go out. Yeah, I think it's expensive that I think as a matter of law, you can you could use it as well. Yes, I can live outside well, it's 50 times what. But once you get to the stage when some things that might help stem",0.101502374,0.0046621915,0.20355026,0.054192472,0.0023544233,0.013801799,0.6098229,0.010113558
18,"You know the Taichi, with a lot of older people, they don't realise it, but it is so good for you. Oh yeah. Do you konw if you get something really wrong with you and you have a physio? Let's say a physio, most of the exercises they do is the same ones that we do at Taichi, and it's just ample. Do you agree that it's good for you?",0.0050354195,0.0032672114,0.029603064,0.029966248,0.00437987,0.016182441,0.90649915,0.00506659
19,"Because it's a social event as well, it's not just going for the exercise.It's a social adventure, it sounds lovely.",0.0007483559,0.00013182392,0.0020595966,0.7751577,0.0029651264,0.04308693,0.15672511,0.01912538
20,"Sorry, we shouted out the poor boy.",0.011017623,0.0150206145,0.02033147,0.04759686,0.100348614,0.57121575,0.23041694,0.0040521445
21,It's a man man. Laughs. We do all lessons.,0.0009359907,2.0529842e-05,0.0048233382,0.21928182,0.0007592668,0.00086206204,0.7728319,0.00048507968
22,"I tell you what, we'll take you with the nap state.",0.04573344,0.0019384426,0.038155727,0.029482055,0.004836137,0.0084478,0.8623394,0.00906703
23,You can come on first.,0.0017279626,0.00022818886,0.0027231658,0.0038628874,0.002040304,0.020703766,0.94345766,0.025256038
24,I think I did Taichi and like this. It's like some all gentle exercise. It's chinese.I did it in China and ...,0.031309087,0.0016449145,0.039116766,0.36665496,0.08732352,0.08171055,0.38012072,0.012119491
25,"give me a bouncing ball, fans, and sticks  and they are very ...",0.120175354,0.015509434,0.14267012,0.32895702,0.051927906,0.056156185,0.27339852,0.011205463
26,"All right. So is there another reason for going out is the communication, even if you have only have a few words with a stranger and say, Good morning, how are you? Because it's so like, OK, it's so easy when you're on your own to lose the power of speaking. If you like of having a conversation, if you're on your own all the time, you're just sharing a television set and you're not getting anything constructive back from it.",0.11039825,0.38989756,0.08274556,0.011295056,0.00942999,0.18226667,0.11451426,0.09945266
27,So it is quite easy then over time to lose the art of conversation.,0.20670754,0.005382569,0.0551607,0.27111402,0.11012215,0.045962606,0.29035592,0.015194494
28,I sit on your board as well if you want to put swimming.,0.051030673,0.0035629314,0.0122244675,0.017854907,0.003259368,0.024574064,0.8838732,0.0036203477
29,"Yeah, in the life centre swimming.",0.0011740716,5.9404672e-05,0.008134526,0.96882355,0.0006855497,0.0052818563,0.013982805,0.0018582465
30,"And that's that's good, because it's easier than most exercises, isn't it? swimming in the water",0.005645053,0.00047290063,0.041324537,0.7005014,0.010282906,0.03988201,0.18839683,0.013494365
31,just walk around again. Hmm. I don't want to Taichi. I do volunteering and I I'm back at Food Bank.,0.012056658,0.002276904,0.098496154,0.4357416,0.20062329,0.1157692,0.06828068,0.066755496
32,"Coating on footwear, self-care. Yes. Some people come when they go into the shoes to do the shoes ...",0.023581503,0.024492089,0.025667721,0.13014357,0.044111982,0.22072837,0.52505815,0.006216632
33,"Yeah, I think it's important to keep in mind up to this. Well, very important.",0.0033626175,0.00028387213,0.024315387,0.04024676,0.0035075617,0.07223806,0.8367867,0.019259082
34,"Puzzles, crosswords, reading. Mm hmm. Yeah. Well, all the media stuff.",0.015575597,0.003317486,0.008571931,0.30022255,0.080433786,0.3890964,0.1887529,0.014029339
35,"You've also got to be able to adapt to a change in your lifestyle. Things that you could quite easily do with, you know, you have domestic chores, putting the garbage outside, things like that. Sometimes you've got to adapt and find a different way of doing something that you're able to do so that you can still carry on doing it. It's not causing you any distress or worry. Simple things like my son in law, my son in law, my grandson has just moved everything off the top shelf to the middle shelf, in the kitchen cupboard because I've shrunk a bit and I can't reach the top ones anymore. So he's put the ones I don't use very much up there and put all the",0.15233089,0.0013560331,0.04230818,0.31935573,0.3733271,0.026673883,0.08411909,0.0005291108
36,"Yeah. So that. Every time they come out, I'm not saying, can you get me this, can you get me that? Yeah, he's already then for me. So, you know, you've got to look to adapt rather than say, I can't do something. You've got to try and find a different way of doing it.",0.03900926,0.076180525,0.1473754,0.017029606,0.0102274325,0.0049855267,0.69138247,0.013809749
37,You've got to be careful with walking as well because of the stairs and ...,0.079281576,0.005303899,0.094704546,0.19045846,0.01404075,0.010735633,0.60233426,0.0031408875
38,"It causes it for pure nativism because I always hated House, but I forgot how hard it was hard to get enthusiastic about all these days. Laughs.",0.049997963,0.011734769,0.0050925477,0.8047859,0.07145105,0.03670509,0.00907672,0.011155979
39,It can be soul destroying because you aren't going to do it again.,0.013730729,0.0010558814,0.011609613,0.033859685,0.030611668,0.01535993,0.8913505,0.0024219991
40,What's that?,0.02257162,0.0138143115,0.06295383,0.06303905,0.023981009,0.43650573,0.35965303,0.017481415
41,House works.,0.0010991507,0.00037468757,0.0013102731,0.8651123,0.005874071,0.08903312,0.03147054,0.0057258327
42,"Oh, I hate it. Well, nobody likes it.I don't know some people do.",0.087605044,0.01607178,0.025395198,0.03327412,0.10588344,0.54248494,0.18290839,0.0063770832
43,We get going.,0.0034914142,0.0007342038,0.013093317,0.092611566,0.004953416,0.022619566,0.8542073,0.008289223
44,"I tell you what is missing, is family. Yeah. If you're seeing your grand children and things like that, that visual let you have done it.",0.00017490961,1.5195627e-06,0.003288486,0.9923155,0.0002757765,3.866909e-05,0.0039050658,9.8367934e-08
45,"Some people are unable to do that, all their children and grand children and family live away. So you know, you just have to get on with it and go on with it basically.",0.003904299,0.0002765553,0.076362945,0.8279003,0.00085724366,0.0025458245,0.08760362,0.0005492244
46,"You say last week, my grand son rang me and said, Can you come for breakfast today? And then? Yeah, I'm quite lucky because mine are in Plymouth.",0.03468072,0.0033467438,0.017468754,0.09741695,0.04211315,0.5264248,0.2386656,0.039883226
47,"No. Yeah, no. Well, I could travel to Malta to see my son.. and I'm not comfortable with that.",0.012586762,0.0016684262,0.15056023,0.13483235,0.052253038,0.10981521,0.51273024,0.02555375
48,"Yeah, yeah. I've got some family in Plymouth and some family away. So I used to because the children at school and stuff and got activities, I usually travel up there.",0.02293469,0.06553392,0.09404944,0.359358,0.14385366,0.09408291,0.20542738,0.014759996
49,"it becomes a challenge when you get older, because well, for the last 10, 11 years, I've been travelling to Canada every year for so long, I've got family there. But then the more I think about it now, especially after Covid, it's out frames frame that he performed in schools, tested in students. I mean, I just think of them as 10 and a half hours long. Yes. Yeah. And I think as you get older, it's a bit more daunting that I never used to think about. Mm-Hmm. But I've got older. Yeah. Yeah, you've got something.",0.0039121755,0.00042934174,0.005461512,0.0059132967,0.0015970034,0.019201262,0.96340626,7.916408e-05
50,You can see more obstacles in your way. Don't you?,0.000697444,0.00024306223,0.0020218007,0.0026161189,0.00088823674,0.005865962,0.9869482,0.0007191926
51,It always seems so much more effort. Do I really want to go?,0.036349833,0.0009513706,0.056140896,0.039329298,0.5530736,0.039161827,0.21665,0.05834322
52,"I think it's because you can overthink things, can't you?",0.021893956,0.0021378102,0.053893887,0.02680969,0.034947544,0.029348569,0.8283848,0.0025837377
53,"Yeah, I think it's it's because of Covid, that's why? Well, mine is going for a long time, isn't it? so...",0.05990275,0.009992855,0.049576275,0.11080773,0.26323488,0.058182456,0.43808216,0.010220886
54,"I volunteer for the home for the blind. And going back to keeping mind active, they do a crossword every morning and they know what they want to do it because they know that it's going to keep their mind active. And I think that's very important for them.",0.010720186,0.0006687543,0.0033847005,0.1459003,0.0026159552,0.0010836347,0.8354847,0.00014176064
55,"I have plenty to plant but I'm not a gardener. I was never a gardener before. I will do a bit more now. Now, though,.",0.007858867,0.0008638407,0.030587386,0.25046074,0.041318934,0.11833693,0.41257134,0.13800193
56,"No. Yeah, I don't like it.",0.034377135,0.0062388047,0.18153447,0.057702728,0.10588232,0.1958441,0.4083918,0.010028642
57,"Three. Yeah. Okay. So so one could be for the mind. Yeah. The other is physical like exercises, swimming and ..etc.",0.020344116,0.00026302383,0.046121616,0.6971599,0.01236399,0.005338682,0.21469963,0.0037090469
58,"Because that comes back with exercises in that section because that can cope with the dancing and Taichi, and all this, that is exercise, isn't it?",0.00889885,0.0010770191,0.2518152,0.13425323,0.001078527,0.009402801,0.5924281,0.0010462806
59,Another important one is family of friends. Yeah.,0.001460136,0.0013741952,0.0044080643,0.3532096,0.005804252,0.20782764,0.41863096,0.0072851493
60,"Socialising. Socialising, activity and your mind.",0.0495193,0.0014856051,0.2670782,0.34182528,0.0033353611,0.013470322,0.31157485,0.0117111
61,"I'm still looking out for people that need help. Yeah, it's a bit of a helping in hand.",0.0088482015,0.000712875,0.05014331,0.195949,0.018401036,0.031991564,0.6885691,0.005384854
62,"But they're the three things that are important, our minds, our physical, and  socialising",0.006583507,6.461967e-05,0.13921428,0.3784452,0.0031824226,0.005259457,0.45044437,0.016806133
63,"Social interaction is important, I think.",0.0019943013,0.002008975,0.03133658,0.075056136,0.0097924145,0.11090366,0.75339913,0.015508767
64,"Well, there is my grandson. Yeah, as a friend, just as a friend, there's all sorts for him. But the problem is  the man is working at is getting elderly and he couldn't hardly walk but he stopped trying to walk.",0.007369365,0.010274418,0.029844496,0.02754486,0.03811329,0.0041327947,0.8801612,0.0025595543
65,"Which is sad. because, you know, I know, and my ...",0.015612994,0.003701732,0.015966434,0.06274055,0.8067812,0.009343985,0.07985155,0.006001609
66,"This really really helping it, yeah, without them, I don't know what we ca do.",0.0050377995,0.0014596776,0.0094404435,0.17834075,0.28003046,0.255603,0.25731435,0.012773541
67,Wow. Know you just need someone to encourage him...,0.008719173,0.0032245475,0.026315155,0.13006432,0.07005856,0.05121035,0.6984735,0.011934372
68,"It takes away any aches and pains you've got, right. But in a sympathetic ear or an arm to ...",0.012176116,0.0032089984,0.13657467,0.16764106,0.33681127,0.012342688,0.32486355,0.0063816416
69,No. He doesn't want. We won't go along with with them. He won't go to the trouble of it. He can't be bothered.,0.009364415,0.0011208276,0.006472461,0.00269609,0.005122485,0.0047098417,0.9698591,0.0006547426
70,"I think it comes at a time in everyone's life when. They give up. Yeah, yeah. But you can't try to encourage them. Yeah. And I think, yeah, they don't really want to do it.",0.007110734,0.00070774177,0.050716646,0.15133478,0.14077139,0.035202917,0.6124735,0.0016823098
71,"It's hard to accept. Yes, he doesn't want to be a bother. He doesn't want to be? All these people are worse off than me?",0.0013633718,0.0015348666,0.015230959,0.0053747,0.011017256,0.0031874548,0.9618041,0.00048732094
72,With technology in Italy being scammed. That's what worries me one thing is scamming.,0.0062611327,0.00027291666,0.5336933,0.04421171,0.0012574202,0.004857391,0.40649316,0.0029529443
73,"Yeah. The problem with technology, you've got to teach the elderly people  how to use it. Yeah, I have many friends who would be , umm, would help them to to join a Zoom meeting or face talk, but they don't know how to use the technology. And that is the problem with them.",0.09319545,0.0019858717,0.15275563,0.35585898,0.15474358,0.02480353,0.19521065,0.02144629
74,"They don't know, yes. I've just been teaching someone. I downloaded Zoom for her and then I showed her how it works. But before that, she didn't have a clue about how it worked.",0.02607206,0.0023447394,0.014710527,0.26841193,0.039164264,0.044036064,0.6009409,0.004319516
75,"OK, It's trying to get somebody to explain how it works. Yeah, in simple terms, don't use any jargon, you know, and have patience. Yes, do it slowly, and you might have to go over a couple of times. But there was a company, a phone company EE, that used to run workshops and teach people how to use it. But I don't know if any places now.",0.047059752,0.0005043618,0.17198612,0.114026524,0.3560431,0.013462902,0.29427567,0.0026415961
76,"So technology is good. Yeah. But then you've got to know how to use it, and also be careful, being safe as well when you're using these things. That's my priority all the time.",0.0014059887,3.6601195e-05,0.009711157,0.074349985,0.00094441604,0.0026668562,0.91055864,0.00032633197
77,"There is increasing pressure, they're trying to get you to spend money over the computer or bank over the computer, and I eventually refuse.",0.021167452,0.0028275466,0.09064014,0.7594698,0.026460513,0.032142352,0.055095274,0.012196906
78,"I will not do them over the computer, and I refuse to do that. I'll end up having doodies under the bed if need be, but ...",0.09368356,0.008694023,0.20491195,0.08037602,0.06426063,0.074729554,0.43706658,0.036277685
79,"I tell you what makes me very sad about technology is when you hear these people, these women that get sucked in by these men for all this money. Laughs. It's true, isn't it?  that's true. Yeah.",0.011096151,0.00018955297,0.020663386,0.55950195,0.0029805815,0.0010550842,0.4044943,1.899127e-05
80,"No, I know but they must be some loosing in their mind. I mean, how could anybody let's say my age, think about a 28 year old man's going to fancy me when he couldn't get anybody.",0.0003823473,0.00012541658,0.023993876,0.009845433,0.00013851022,0.00020524065,0.9653081,1.0485946e-06
81,How old you are? Like 20.,0.22220008,0.09843524,0.11074244,0.05183286,0.034468595,0.20158486,0.27404785,0.006688076
82,"Oh, yeah, but he doesn't put his own picture on...Laughs.",0.034151714,0.021759637,0.022338547,0.36159727,0.3728448,0.11297066,0.063981146,0.01035625
83,"You were laughing, you've probably done it. Well, you put your own photo up. laughs.",0.014420985,0.0040956032,0.012220562,0.72424394,0.025680203,0.07584577,0.14086682,0.002626125
84,"So they won't use the phone to phone up, say different companies, because they know you phone their number and then you've got five different menus. Press this one, press that one. And even then, you don't get through. Even if you press the right number, you don't get through a person. You're given another menu. Well, by that time, it's got so frustrating that you hang up.",0.34195864,0.10400545,0.110500224,0.015510302,0.0052987323,0.023031231,0.39926887,0.00042654664
85,"I know I get frustrated when it comes the message. Thank you for your patience. I don't have any. Laughs.You are important to me, answer the phone then.",0.91279364,0.0077761677,0.0041785953,0.04718412,0.0026521143,0.0044931564,0.020150196,0.00077202055
86,"I think that's why a lot of people don't get in contact with their doctors because you're hanging on and hanging on 30-35 minutes is common. And then you've got the receptionist who say your GP  will phone back. but then you can't be sat by the phone for a whole day waiting for the call. You go and do one little job, and that's when they call. So, You back to square one. Yeah. You know, and I think a lot of older people maybe have issues that really need seen to. Yeah, you know, and that just don't get helped there because of it. They give up in the end.",0.60351753,0.018966926,0.023340536,0.012942033,0.17416018,0.0069019333,0.15796432,0.0022065605
87,"Well, it's hard as well as the same people who get older. Mm-Hmm. Everything's changing money wise. And COVID hasn't helped because obviously people weren't using cash or weren't accepting cash, so it was all going to be on your card, or whatever. Or you have to go in a bank to organise things, and a lot of people, older people don't work by card but they might find it hard to go on the cash machine and remember what to do to get what they want.",0.023279628,0.00027982667,0.009547519,0.14483614,0.009969224,0.007203032,0.7956058,0.00927887
88,"And if you're giving your card, if you've got carers coming in to do your shopping for you, then you would have to give them your card and your pin number, which is what you tell them not to do, you know?",0.013038307,0.013047264,0.2335758,0.18451852,0.009415287,0.014901103,0.52721524,0.00428848
89,"Years ago, when you got your pension, you had a book with the, you know, it said what money was due on what date. And that was quite safe because you could give that to a carer and they could only draw that much money out. But now, if you give them your card and your pin number, you don't know whether they need to accept it. They've could taken two lots of Â£50.",0.0048768898,0.0009992218,0.13953325,0.06814532,0.005872647,0.1323375,0.613667,0.034568176
90,So you would end up maybe not asking them to get you some food shopping.,0.019650284,0.014367778,0.0065867547,0.03816756,0.087907866,0.36085215,0.46920627,0.003261352
91,"Well, I think that's particularly relevant if you agree to have your bank statements online. Yeah, I was having out the sense so I can peruse it very carefully.",0.0756306,0.01029631,0.032771543,0.08929459,0.009112882,0.07719785,0.699463,0.0062331962
92,"But I like to say it was right. It's like a friend of mine, Joe Drew. I mean, she was the same because she was doing that. But you know, it's not the one that lived in that specific. And then, of course, then when I was away on holiday, she took over the, you know, the cleaning girl. And of course, that was there. The money was just coming out.",0.034118168,0.0014512907,0.060387347,0.6842105,0.029987061,0.11617725,0.06968451,0.0039839097
93,So they don't realise how much money is being spent because they have now.,0.010087126,0.0039107352,0.012930923,0.06843055,0.20028712,0.6059764,0.091370426,0.0070067393
94,They've said that we,0.0128411045,0.010486768,0.16556041,0.048636537,0.0468443,0.23864512,0.46647534,0.010510412
95,given a five panel and got the change back from it.,0.06610286,0.008209,0.17111784,0.08996872,0.036864065,0.08858499,0.5234698,0.015682736
96,"Yeah, yeah. Yeah. So, you know. Yeah.",0.010484419,0.0047868607,0.013840627,0.5635225,0.020268433,0.22844018,0.14524932,0.013407653
97,"about about living at home? Yeah, I live on the fourth floor, that's upstairs. There are still I'm done it. So one day in the future, I may find it difficult. Yeah, I'm fine at the moment. Mm-Hmm. I huffed and puffed day on the way up, but you know, I know it could be difficult. Eventually,.",0.008302258,0.001616345,0.04477247,0.45688215,0.35355473,0.081831455,0.047108606,0.0059320102
98,"When you move into a property, when you're younger, you don't always look ahead. And in 20 years, I'm I going to be going to these stairs, you know, am I going to be able to walk up that hill, which is not what you want to think about? No, you don't. Yeah.",0.093279876,0.024609724,0.18564214,0.24910647,0.01313333,0.07846175,0.35299978,0.0027669442
99,"So you've got the bath as well. I mean, I've got another bath and a lot of people have to share it, but in the future, you know, I keep thinking about will not be able to get in and out of the bath, you know? Yeah. Yeah, there are all sorts of little things that, you know, like in that picture of the door with the steps going up to it, your steps could be a big problem. They need handrails. There's no apparatus. Yeah, no handrails there. It's no good not that shining floor with the rugs on it. Yeah. And you can't get trapped.",0.043339286,0.005441598,0.02189049,0.8627412,0.028037105,0.012350137,0.0256784,0.0005218036
100,"You can't get a lot of help with getting adaptations done to your property to help you stay safer. But because older people living longer now, there is a long waiting list for it. So it could be that by the time you've come to the top of the list is that certain adaptation is no longer suitable for you.",0.0026149435,0.0048651095,0.013408041,0.01512808,0.00030482234,0.0012433769,0.9622052,0.00023043061
101,"I did notice as my husband got older, I had to remove all the little the matter in front of the fire. The base trip hazards because.",0.12905769,0.11833876,0.49096575,0.013167668,0.120532125,0.014596785,0.11200943,0.0013317962
102,"Helpful, what's helpful being in a bungalow or a flat because you don't have the stairs to go upstairs like.",0.09259492,0.008739906,0.05103729,0.35466477,0.13737549,0.07762807,0.2608404,0.01711917
103,"I just want the lift for now that you take, you know? Yeah, I've already asked for it.",0.007249323,0.0013082449,0.0492377,0.15853378,0.097781904,0.19416596,0.21574776,0.27597532
104,"I've got it in advance, I've got written down. There is always the possibility to put one in, you know? Well, did you say",0.010411068,0.0011719195,0.080258384,0.10737942,0.0067795943,0.1350799,0.64525294,0.01366676
105,"Yeah. See, when I go to dancing, like this morning, I need to wake up at nine o'clock to get to Plympton and I live in the Barbican, but it's just you just don't do that if you want to do things. Yeah, sometimes you've got to just go where it is and where it's, you know, where it's available.",0.014195588,0.0007823882,0.0040719947,0.003952818,0.001083598,0.006061638,0.9698034,4.8592075e-05
106,"No, no. Half of the class do it on Hoe. Yeah. And some of them is up on the hoe and do it up there, which is nice.",0.034394864,0.0022781466,0.19438131,0.055165112,0.00426191,0.17149477,0.5285219,0.0095019955
107,"To look out and see the sea, it's wonderful.",0.0018044917,0.0012482518,0.0023300906,0.48453066,0.0067503504,0.39525163,0.07826859,0.029815942
108,"Nice parks, places to walk along the sea. It's it's really nice, really. I really appreciate this, it's beautiful. And it is accessible as well.",0.08739667,0.017268905,0.0050266585,0.42070553,0.0032276758,0.037321314,0.4276877,0.0013655282
109,"Yeah, I don't thnk that nowadays it's more important that you you go with someone rather than go walk on your own. Yes, I think sometimes it's a bit dangerous walking on your own, but I think you would love to walk. You walk out on your own.",0.0022391863,0.0028078833,0.026589032,0.019205783,0.004733913,0.006663926,0.9374405,0.00031976032
110,"I never think about it. I just go, I just do it because it's not at night.",0.0101770265,0.00075995276,0.07092149,0.027619239,0.28066126,0.044735104,0.5481218,0.017004145
111,"But little, Jamie said to me, You know, little jean. Yeah, because sometimes she and I go walk together and she said, it's nice to with somebody because you see different things from when you're with somebody else and it's true. Yeah.",0.0051343283,0.0009452065,0.012021653,0.13519293,0.011716627,0.028694263,0.80591655,0.00037842477
112,Flat in Plymouth? Laughs... Plymouth must one of the hilliest place.,0.002568851,0.0006091991,0.010094097,0.86231184,0.005546771,0.010472413,0.10598383,0.0024129958
113,The reason why we live so long is we walk up and down hills so much.,0.041087124,0.0052524325,0.14307089,0.33325815,0.057540126,0.028856263,0.3522364,0.038698606
114,"Well, it well pavements  much in full. Well, it had its share of terrible losses. You can easily fall down.",0.044045895,0.010066943,0.03121608,0.18676263,0.290153,0.07698914,0.3514781,0.009288211
115,I'm to kerb cruel and I didn't know whether to be in Sochi because he was a lady of the night on the ground that you still saw. Laughs...,0.0004080192,6.702835e-06,0.032294773,0.95141166,0.0005646738,0.00025584767,0.015054875,3.4604668e-06
116,But you still got it. Don't put that down. Laughs...,0.00567629,0.0047541386,0.034176677,0.02295526,0.008490142,0.0041577388,0.9186125,0.0011772814
117,"I think most of us go to things that are put on for the older person that isn't working anymore. That can go to these things like dancing, swimming, exercising. And then you go off to the lectures and have news for you. Yeah, I think there are. There's more of that if you want to. If you can find in our walks created for health reasons, people with health reasons that want to walk and they walk us through the parks and everything, and it's sociable. Yes. So there's a lot to be thankful for that we felt like we found herself and she was lost, laughs... And she makes us do all sorts of things.",0.059576754,0.0048907823,0.057525206,0.26923835,0.042065393,0.017428879,0.54601717,0.003257471
118,"She kept us going through this lockdown, but soon enough she came on to...",0.010679098,0.003709541,0.13931066,0.042448692,0.053443428,0.17499352,0.51223195,0.06318314
119,"But you still can't have the motivation to go out enjoying them. And there are a lot of old people that have. I've not just got the motivation to go out there and you can tell them about what is going on in the, you know, in the city and what they can join in with. But a lot of it is, I think that when I've been in this long, it won't hurt me, you know, and they just don't feel that they've got confidence to go and catch a bus anywhere and walk into a new road and sometimes there used to be a buddy system. So I think, you know, you do need maybe a buddy to actually get you over that from doorstep and to join in. Mm-Hmm. I mean, as you can see, I think most the group of outgoing he would make of. Yeah, yeah, yeah. Whereas if you've been in special through lockdown and how you used to being in doing your own thing, not not communicating much with other people that you just don't, you feel it's too much effort now, so they need to speak like a buddy system somewhere? Mm hmm.",0.062201902,0.0062686335,0.017576253,0.090930186,0.055248465,0.07841603,0.68914807,0.00021047001
120,"And Hazel sometimes, bless her, you're in a meeting or somewhere with her and she'll come up and she'll whisper in your ear: ""can we go and have another word with him?"" and invite him to come and join whatever we're doing and we grab another one, don't we?",0.0116705205,0.015206706,0.19158232,0.48842713,0.016792445,0.033021286,0.23089753,0.012402063
121,"Colin, sometimes I'll get into making the first move.",0.0027273344,0.0006110862,0.042175606,0.08110108,0.019699438,0.30696806,0.4924033,0.054314088
122,George as well was going on as Hmm. Took him around the park this morning. Yeah.,0.025927555,0.00845122,0.021875186,0.46052337,0.03410787,0.3373263,0.09775788,0.014030613
123,"Even twice. Yes, I did.",0.0053834943,0.0029076403,0.011417191,0.09615366,0.041295193,0.3712799,0.46633387,0.0052290554
124,"He took me in there and I took the test. He, suddenly I looked out of the corner of my eye and he was wobbling on his legs. He is over ninety bless him on Tuesday. And I thought, Oh God. And then I looked and I go switching for his puffer. I brought my first state book with me. But when it came round to it, they both said, No, we go round that extra bit as well, and they did. The whole lot would be. So they showed me through my test.",0.14750262,0.03184558,0.20038514,0.06088446,0.045464657,0.2715088,0.16450606,0.07790268
125,"Yeah, they do kind of push themselves that little bit more, don't they? rather than give up.",0.035636876,0.05325382,0.12492165,0.037014876,0.041978866,0.101541884,0.6038524,0.0017996394
126,Coffee morning.,0.007736599,0.001338565,0.02357074,0.75910527,0.057789594,0.06425542,0.040063705,0.046140105
127,"Bbut when they say coffee morning, it is in the pub.",0.0029113775,0.00094404275,0.006951564,0.17802195,0.017452043,0.67771465,0.082502596,0.033501804
128,We spend a lot of time on Messenger. We have this spending time and I was on it until now.,0.02510114,0.0043572737,0.04769255,0.30432764,0.2838491,0.14819196,0.08762404,0.09885632
129,"Well, messages to us for most, not just people, is linked to this Facebook and its Facebook Messenger, isn't it? And messages as well. Yeah, messages. This is WhatsApp. Well, some are using WhatsApp.",0.07298953,0.062116165,0.16270766,0.45999843,0.023010561,0.08597111,0.1304869,0.0027196284
130,I use WhatsApp but I don't use Facebook or anything.,0.0375242,0.021039546,0.012693916,0.012585952,0.086970456,0.14012733,0.68687123,0.0021873422
131,You're not missing much when you don't use Facebook.,0.13221543,0.017773172,0.022626156,0.016064418,0.010702373,0.13756578,0.66007704,0.0029756343
132,"I know who you are, but I'm aware of some of the things I am, but I'm not. Fossil, but with forests in the oceans and the fishing and the palm oil thing, sharing all that, trying to get people to understand what we're all doing. But people get fed up, don't they? to seeing it. It's a fact of life that climate change is the big thing. It always seems to do with it.",0.021382157,0.0006960265,0.005488206,0.00114481,0.00024006866,0.0009912868,0.97004485,1.260644e-05
133,"I've only got one argument that a lot goes through it. I think, yes, I'll sign it. And then it says at the bottom. Donate. I can't  just donate  and I don't donate online anyway. .",0.0026123147,0.0006350789,0.13618529,0.07728394,0.013984388,0.0021375287,0.7654877,0.0016738006
134,Just stay in your accommodation.,0.02461704,0.0049805935,0.19880751,0.38950095,0.008197839,0.025294796,0.3352851,0.0133161815
135,"as you know about public transport, access, accessible public transport.",0.0093921395,0.0018018157,0.038969975,0.025317166,0.0013979727,0.0037745137,0.91649824,0.0028481975
136,"It is not only public transport, but there's also something called Access Plymouth, so people can register and then book a trip if you've got to. If you want to go out to say to Taichi and you can't use public transport, you can book Access Plymouth and they will come and pick you up and drop to it and pick who can take you home again. You have to register and register for it. And there is a small fee. Yet you register in advance and then you book it. You've got to give you a couple of days notice. And there is a small fee you get built at the end of the month for it, but there's various things that you can book it for if you want to go shopping and things and. And I think it's run by volunteers, the drivers are. OK, but the ones I've seen I've never used it, once I've seen it always been really helpful.",0.03854374,0.008790109,0.05971183,0.13852377,0.14180748,0.37978035,0.2225093,0.010333428
137,"No, I don't think so. Yeah, but you also can use something also use cars as well as mini cars for the minibuses. You know, so if you are a wheelchair user, for example, you could use that. Well, sometimes I'm afraid they will use the car for you.",0.026442993,0.0010461287,0.7126386,0.035432216,0.014414196,0.009189105,0.18100992,0.019826828
138,"So I think lots of these people live centrally. Don't you? Yeah, we do. You live in Derriford, but I live in Plymstock as well, but everybody else lives centrally rent. And so they won't be looking at the  transport, you know, the public transport.",0.013505784,0.00078649155,0.0326243,0.060984813,0.012608143,0.0147823775,0.86429393,0.0004141639
139,and you got you got lost. Laughs..,0.015496392,0.003526003,0.009630234,0.22084537,0.08090219,0.025131797,0.64174813,0.0027198656
140,We've already said a couple of things. So you want us to pick three things out of them?,0.01836939,0.0064218603,0.03557455,0.19402988,0.03774116,0.27390826,0.37515405,0.05880085
141,You want three positives and three negatives.,0.045044683,0.01156435,0.19681951,0.12581202,0.029590875,0.02307204,0.558049,0.0100475205
142,Transportation is positive. Yeah. So is Messenger really isn't. Yeah.,0.031445935,0.008133443,0.053748064,0.081209265,0.013017959,0.10022244,0.7086813,0.003541646
143,Yeah. Access to nature,0.014429744,0.009248286,0.016167054,0.52107114,0.05017489,0.13927351,0.23208976,0.017545639
144,access to nature is a blessing.,0.00036660113,2.8865126e-05,0.015073742,0.32651776,0.0017235547,0.015893487,0.63870955,0.0016864359
145,Yeah. But you don't want to count. Three Don't. So what else would you say was the involvement then by the.,0.045332585,0.006103166,0.18296102,0.073164545,0.041853618,0.055534065,0.58997375,0.0050772433
146,"Well, the environment where you live and access to nature.",0.007756005,0.0028520694,0.026740303,0.7711524,0.059155308,0.05957295,0.063841686,0.008929295
147,"Yeah, yeah, not necessarily one side, but you could be inside no one like outside. Yeah, inside and outside the environment. Yeah. Well, I suppose that access to nature.",0.052818943,0.008585735,0.08992567,0.31388518,0.039472133,0.17182693,0.27925208,0.0442333
148,I'm looking for stairs. Stairs is like a very big negative.,0.009439071,0.0035866653,0.13822508,0.058811992,0.0651208,0.084413655,0.58382815,0.05657456
149,I think how to use technologies.,0.05070899,0.033964857,0.3312633,0.0188776,0.10435188,0.2230199,0.23143506,0.0063784122
150,"Yes. OK. Yeah. Well, I think it's positive.",0.021476949,0.0061399597,0.1141543,0.36099958,0.044778544,0.13556178,0.29311255,0.023776364
151,"No, no, it's hard. Well, it's a step in the right way.",0.0019031266,0.00029018064,0.023639234,0.016207492,0.0055759125,0.022131074,0.92263705,0.0076159523
152,"I mean, you can have your flat, your lift I mean.",0.016071817,0.005666358,0.035730653,0.030253151,0.014769987,0.02490508,0.8711784,0.0014245649
153,"No, I have to move, I see you do that. Well, that's going to be difficult. You don't want to move, do you?",0.003841055,0.0020333186,0.019033272,0.00085809187,0.002202635,0.0037713721,0.9674359,0.0008243678
154,"Stairs and Technology. What else? The trip overs? Well, that's that's all around us in the pavement. Yeah, yeah, but it's a negative thing isn't it? trip over. Yeah, yeah, yeah. How many people fall over in the streets do? Yeah, yeah.",0.15661433,0.028299734,0.021051906,0.22735773,0.44427434,0.07083174,0.048382204,0.0031880229
155,"One of the things is like the internal environment that you live in. Yeah, because what was suitable for you when you moved in is not suitable now, and quite often the properties can't be adapted in any way or suitably for you. So it is moving out of the property living into something else. And you know, as you get older, you don't want to go through all the stuff in the loft. Get somebody elsedo that.Laughs..",0.022823188,0.00042321085,0.2660664,0.050897937,0.0027443203,0.0019550659,0.65487266,0.00021725058
156,Safe environment and messenger.,0.0077634905,0.0010880593,0.17435384,0.11082319,0.0013179814,0.010283659,0.692157,0.0022127908
157,"It's inclusive. Is it WhatsApp before it closes the Sharks? Snapchat, Snapchat",0.008634772,0.0068700737,0.6246764,0.005099386,0.00787089,0.027424844,0.3113793,0.008044345
158,"Oh, I think that's sensitive. OK, and I can't look.",0.047640827,0.0021847459,0.057579935,0.20933327,0.17414644,0.21050571,0.2597058,0.038903262
159,observations like that about what should I associated with at frustrated,0.20903602,0.009634766,0.10254852,0.13426466,0.03452923,0.030494466,0.4724862,0.00700612
160,"Well, upstairs is not accessible rooms.",0.009293724,0.0041173473,0.007585638,0.42961556,0.07037515,0.40512607,0.06746717,0.006419357
161,"Yeah, exactly. No, no, no. I agree with you. There's focus one, A and B. I mean, Penny was talking about she's she's all right now. She might have to move.But OK, she can move. But then whatever she moves through, she's got to start finding new friends and things.",0.070480734,0.028938757,0.032366086,0.01870986,0.24201249,0.007633652,0.5991088,0.0007495952
162,"Of course, I haven't got any.",0.016818263,0.0023043784,0.044998948,0.24558409,0.10227014,0.48934707,0.07345855,0.025218554
163,Air quality. Oh yeah. Like bad air quality.,0.065401606,0.06936245,0.2081573,0.16594458,0.034051385,0.11281729,0.3366636,0.007601812
164,Not being able to drive the car at the time.,0.027615065,0.0025605855,0.058684614,0.14986427,0.5816797,0.030990956,0.09770411,0.050900668
165,"But I think that is negative, isn't it?",0.019270224,0.006579444,0.13227709,0.13893199,0.105555296,0.14872593,0.443781,0.004879026
166,The attitude that you come across?,0.0070770727,0.00048089426,0.006178896,0.13532937,0.0023800533,0.008856153,0.83842385,0.001273715
167,"It appears. Well, I don't think so. I think, you know that someone I think we were talking about all night.",0.019187,0.004802247,0.079729214,0.103492014,0.047678348,0.5545947,0.17192385,0.018592628
168,"Um, well, you know, when we do Taichi, that is attached to something called the Elder tree. OK, that's for like people that they come and see you in your home and things like that befriended, befriended and with the commune in that attitude they go to is Gordon and they've been doing his shopping.",0.034831345,0.143922,0.015250903,0.3342973,0.022090565,0.061771538,0.38671613,0.0011202137
169,"Oh, good. Yeah, yeah. The Elder tree and they've been doing Gordon's shopping for it and they do all sorts of things,.",0.009141972,0.0017550786,0.0029087642,0.87004215,0.02359409,0.039159436,0.04494617,0.008452362
170,"There is also silver line, which is another service for older people. So, you know, everybody thinks it's a taxi group in Plympton, but it's actually",0.011098944,0.0007103093,0.02564534,0.21245281,0.008978201,0.0996187,0.64087135,0.0006243656
171,"well, it's it's a common thing that you see now is ageist. Yeah. And it's the attitude towards older people. You know, where some people can't be bothered explaining things to them or helping them? You know, I'm sure that's different in banks, you know where they help them. But there are some people that just can't be bothered with them because they're older and more wobbly. And, you know, you would think. Well, I think it's just physical as well.",0.0065197875,0.00020407522,0.017135533,0.9492444,0.0043070302,0.008604002,0.011497886,0.0024872907
172,"Sometimes they don't even notice you're there. They walk through, you're feeling invisible. Yes. Yeah, that's a good one definitely.It just seems strange now when shop assistants called me darling, and are you all right my love, sweetie..laughs. It seems a bit strange. I don't feel that.",0.019696271,0.0015135695,0.22708021,0.3421966,0.027951414,0.24807635,0.11595963,0.017525954
173,"Mm hmm. Yeah, that's negative, isn't it?",0.022248374,0.0068858787,0.07089661,0.05704988,0.09994726,0.36997193,0.360943,0.0120570725
174,"Well, it's kind, isn't it kindly? I don't take offence by it. I just seems...",0.016229762,0.008355835,0.06539016,0.14822143,0.31159642,0.22956449,0.20001912,0.020622762
175,"but people could be offended, couldn't they?",0.0037239783,0.0011037224,0.05473505,0.009362473,0.019255651,0.01018755,0.8999489,0.0016826611
176,"Yeah, yeah. But if they sort of humped and glumped because I was a bit slow putting stuff into my bag, I'd get upset then so I can take that one.",0.030532012,0.00037445818,0.037308328,0.5952609,0.03406859,0.0067641158,0.29083672,0.0048548207
177,"Well, I suppose it's a perception of what is an older person. Yeah, if you're 18, anybody over 30.",0.015522707,0.0040726387,0.06334813,0.08094013,0.027184803,0.3176818,0.48117405,0.0100757545
178,"So yeah, yeah. You know? When you get to 70, well, there's no chance you just think, you know, you know, that's it.",0.03708916,0.009254176,0.1712596,0.10205188,0.054833915,0.3271809,0.2758923,0.022438109
179,"I'm quite content in my life here, you know?",0.0099687,0.006157851,0.03536532,0.12855464,0.008503983,0.22653982,0.57114065,0.013769025
180,We've got about 30 years.,0.0021219794,0.0013314298,0.053524002,0.16545051,0.02560011,0.17188822,0.5595891,0.020494662
181,They want life to be nice.,0.0039658477,0.0002760856,0.05906566,0.06355491,0.015911685,0.01045039,0.8430823,0.00369313
182,"I don't go back 30 years because I was in a divorce then, I'll go back 25 years.",0.0036562323,0.00094384985,0.009199572,0.045249525,0.050552893,0.13945353,0.7392156,0.0117288
183,"That might put, you know, I might be put off, although I might put them off if I tried to go raving Glastonbury. Oh no, I go to Glastonbury, but no, not at raving, no, no, no.",0.035756085,0.0015780999,0.14091586,0.675551,0.06464838,0.03428076,0.045525555,0.0017442588
184,"Not really, no.",0.0033433887,0.001858154,0.027974632,0.022309786,0.032100063,0.6002567,0.30939132,0.0027659575
185,"Not in my case, but I suppose in the future mine would be. Carrying shopping up the of all the stairs that's the problem, and if you get it delivered, they don't bring it up the stairs.",0.13540001,0.11165682,0.10485787,0.10232726,0.048910104,0.051373105,0.4033923,0.04208256
186,But the taxi driver always brings up. I don't think he likes it. He doesn't get much choice. He just get some shopping,0.023487872,0.0048776767,0.020030133,0.14563431,0.086858734,0.47940478,0.22763154,0.012074965
187,"And it won't be Morrisons because they put everything in a big plastic basket, not in bags. So they're not going to bring those shopping up the stairs,.",0.030759102,0.014276794,0.03746591,0.6744016,0.010439763,0.018240517,0.21322897,0.0011873775
188,That's a negative one as well.  the deliveries? Yes. Yeah.,0.016195469,0.016547482,0.028772937,0.1530792,0.027543142,0.5832293,0.15690543,0.017727016
189,We should be careful. Yes.,0.018216692,0.0013792708,0.057150792,0.17561045,0.014277863,0.08063328,0.6327917,0.019939968
190,And that makes their minds.,0.18508522,0.02844658,0.108993135,0.066257454,0.07249082,0.040866718,0.49232572,0.0055343374
191,"Maybe by that time, Hazel bought you a lift.",0.012906371,0.0022205913,0.018892922,0.23167706,0.05550662,0.4550721,0.202834,0.020890344
192,"Well, my family helps me. Yeah, so we put family down. That's a positive.",0.0021487314,0.0003076482,0.005296135,0.55929375,0.010354414,0.18937361,0.22381784,0.009407883
193,"Yeah, yeah, yeah. absolutely, because my daughter ...",0.006124226,0.001230317,0.0042996295,0.4836643,0.016728358,0.37953112,0.104298644,0.0041234265
194,"Negative! It depends which side you're looking at, that side is nice, and that side is not.",0.035100695,0.010709192,0.34655842,0.08775441,0.015731078,0.14704259,0.35085025,0.0062533887
195,"Yeah, we've got like good and bad.",0.0020169711,0.00072415464,0.010112024,0.056685004,0.0038254277,0.82702523,0.08928497,0.010326227
196,"I think it depends on what kind of property you live in. If you live in a block of flats and you know, several neighbours in that block, officials say there's seven other flats there. Out of those seven, you're going to find a couple that would be helpful. Yeah. You know, but I live on a busy main road and I believe that 32 years and I only know the neighbours of either side because everybody was out and about to work and everything. So I don't really know them.",0.0019035428,0.005519036,0.0076138806,0.68375605,0.08258522,0.17855775,0.03965256,0.0004119732
197,"Oh, I was saying about when the weather was really bad. The young man that lives just across the road upstairs from he came down and so did make above me. And then you're not going out with anything you want, will get it for you. Which is lovely and sweet.",0.002520456,0.00027377118,0.0061344556,0.039286453,0.005367233,0.042565975,0.9030186,0.00083306903
198,Very nice. isn't it?,0.02096595,0.004028377,0.06235032,0.080381714,0.054306388,0.33480343,0.43362388,0.009539949
199,"I think where we live that we fall out occasionally, it's more like a big family. Mm hmm. Yeah. You know, even if you fall out with somebody, if they need help, everybody rush out and.",0.03483976,0.002957429,0.06742525,0.07880149,0.049083255,0.008634895,0.75260544,0.005652478
200,"Yes, that particular Barbican community.",0.005058911,0.0021860958,0.014309089,0.71391225,0.01298689,0.06630833,0.17510967,0.010128756
201,"It's differen from whereI live because all the people in the property I live in are all the same age, you know, so you don't have that makes, and in a way that is a negative thing for me personally. But you know. We're all kind of clumped together because we're getting old.",0.08593002,0.052360766,0.052887358,0.04726157,0.03064342,0.007992364,0.71877277,0.0041517452
202,"Well, we're the same.",0.0047314344,0.0054259715,0.010302588,0.21486819,0.043949533,0.55498296,0.15630473,0.009434614
203,"Yes, but you do have younger people working.",0.005752414,0.0032817458,0.0019138787,0.26998553,0.035047527,0.39044523,0.2917105,0.0018631914
204,Playing loud music and have party.,0.0025446843,0.00024334982,0.002834506,0.96682656,0.002957864,0.008134061,0.014658025,0.0018009726
205,Join them. laughs...Yeah.,0.0018953098,0.00072450365,0.009313646,0.93735707,0.0038574748,0.008274238,0.0369137,0.0016640706
206,Not at one o'clock in the morning. So it could be it could be a negative thing.,0.008104987,0.00056117424,0.026677435,0.40938368,0.11885252,0.16272162,0.09621033,0.17748825
207,"This morning, I got a Facebook friend request from Young Georgie, so I remember being born to make life above me, and now she's got kids of her own. She wanted me as a Facebook friend. Laughs. That's not bad. I've known since the day she was born.",0.09721051,0.004420271,0.07276018,0.034775387,0.081731096,0.1300105,0.5413364,0.03775562
208,"Technology is, the fact of the social and gotten social justice. Oh, social and social.",0.01931634,0.053577654,0.08883589,0.305944,0.1335521,0.11380714,0.26784,0.017126864
209,"Easy access to things, I suppose. When you are older, you know, stais, for example.",0.024971312,0.0025996196,0.12519585,0.4781795,0.020343473,0.02011356,0.31795266,0.0106440205
210,You can write down what you like when we're gone. Laughs.,0.011761946,0.0028462852,0.044532247,0.47893846,0.051281456,0.04657573,0.32718095,0.036882948
211,So it was this this is all towards. I understood that it was how a robot could help you in.,0.05644094,0.023102459,0.13473643,0.074407354,0.10791494,0.32357937,0.25938988,0.020428624
212,We look forward to that.,0.00076978054,0.00025618775,0.0065723658,0.24209544,0.033266354,0.29321346,0.25555333,0.1682731
